Name,Descripción,Enlace
ACCESIBLE,"Que está al alcance de una persona, sin valerse de medio alguno y sin barreras físicas de por medio.",/taxonomy/term/37/definition
ACCIDENTE,"no deseado, incluidos los descuidos y las fallas de equipos, que da por resultado la muerte, una lesión personal, un daño a la propiedad o deterioro ambiental.",/taxonomy/term/38/definition
ACOMETIDA,"Derivación de la red local del servicio respectivo, que llega hasta el registro de corte del inmueble. En edificios de propiedad horizontal o condominios, la acometida llega hasta el registro de corte general.",/taxonomy/term/39/definition
ACOMETIDA EN BAJA TENSIÓN,Parte de la instalación comprendida entre la red de distribución de la empresa y la caja o cajas generales de protección para suministros en baja tensión.,/taxonomy/term/40/definition
ACOMETIDA EN ALTA TENSIÓN,"Es la parte de la instalación comprendida entre la red existente y el primer elemento de la estación transformadora, seccionamiento, protección o equipo de medida.",/taxonomy/term/41/definition
ACREDITACIÓN,"Procedimiento mediante el cual se reconoce la competencia técnica y la idoneidad de organismos de certificación e inspección, así como laboratorios de ensayo y de metrología.",/taxonomy/term/42/definition
ACTO INSEGURO,Violación de una norma de seguridad ya definida.,/taxonomy/term/43/definition
ADMINISTRACIÓN DE RIESGOS,"La aplicación sistemática de políticas administrativas, procedimientos y prácticas de trabajo, para minimizar o controlar el riesgo.",/taxonomy/term/44/definition
AISLADOR,"Elemento de mínima conductividad eléctrica, diseñado de tal forma que permita dar soporte rígido o flexible a conductores o a equipos eléctricos y aislarlos eléctricamente de otros conductores o de tierra.",/taxonomy/term/45/definition
AISLAMIENTO ELÉCTRICO BÁSICO,Aislamiento aplicado a las partes vivas para prevenir choque eléctrico.,/taxonomy/term/46/definition
AISLAMIENTO FUNCIONAL,Es el necesario para el funcionamiento normal de un aparato y la protección contra contactos directos.,/taxonomy/term/47/definition
AISLAMIENTO REFORZADO,Sistema de aislamiento único que se aplica a las partes vivas peligrosas y provee un grado de protección contra el choque eléctrico y es equivalente al doble aislamiento.,/taxonomy/term/48/definition
AISLAMIENTO SUPLEMENTARIO,"Aislamiento independiente aplicado de manera adicional al aislamiento básico, con el objeto de brindar protección contra choque eléctrico en caso de falla del aislamiento básico.",/taxonomy/term/49/definition
AISLANTE ELÉCTRICO,Material de baja conductividad eléctrica que puede ser tomado como no conductor o aislador.,/taxonomy/term/50/definition
ALAMBRE,"Hilo o filamento de metal, trefilado o laminado, para conducir corriente eléctrica.",/taxonomy/term/51/definition
ALAMBRE DURO,"Aquel que ha sido trefilado en frío hasta su tamaño final, de manera que se acerque a la máxima resistencia a la tracción obtenible.",/taxonomy/term/52/definition
ALAMBRE SUAVE O BLANDO,Aquel que ha sido trefilado o laminado hasta su tamaño final y que luego es recocido para aumentar la elongación.,/taxonomy/term/53/definition
ALTA CONCENTRACIÓN DE PERSONAS,Cuando se pueden concentrar 100 ó mas personas en cada piso o nivel o más de 500 personas en todo el edificio.,/taxonomy/term/54/definition
ALTA TENSIÓN,Es todo suministro con tensión igual o superior a 115 kV.,/taxonomy/term/55/definition
AMBIENTE ELECTROMAGNÉTICO,La totalidad de los fenómenos electromagnéticos existentes en un sitio dado.,/taxonomy/term/56/definition
AMBIENTES MODERADOS,"Se refiere a ambientes con estructuras expuestas a ciclos de humedecimiento y secado, con estructuras en contacto con agua dulce en movimiento, ambientes rurales lluviosos, ambientes urbanos sin alta condensación de gases agresivos y con estructuras en contacto con suelos no agresivos al concreto.",/taxonomy/term/57/definition
AMBIENTES SEVEROS,"Se refiere a ambientes marinos, salinos o con microclima industrial, ambientes urbanos con alta condensación de gases agresivos y con estructuras en contacto con suelos también agresivos.",/taxonomy/term/58/definition
AMPERIO,Unidad de intensidad de la corriente eléctrica equivalente al paso de un culombio por segundo.,/taxonomy/term/59/definition
ANÁLISIS DE RIESGOS,"Conjunto de técnicas para identificar, clasificar y evaluar los factores de riesgo. Es el estudio de consecuencias nocivas o perjudiciales, vinculadas a exposiciones reales o potenciales.",/taxonomy/term/60/definition
APARATO DE MEDIDA,Instrumento destinado a cuantificar o registrar las unidades eléctricas.,/taxonomy/term/61/definition
APOYO,"Nombre genérico dado al dispositivo de soporte de conductores y aisladores de las líneas o redes aéreas. Pueden ser postes, torres u otro tipo de estructura.",/taxonomy/term/62/definition
ARCO ELÉCTRICO,"Haz luminoso producido por el flujo de corriente eléctrica a través de un medio aislante, que produce radiación y gases calientes.",/taxonomy/term/63/definition
AVISO DE SEGURIDAD,"Advertencia de prevención o actuación, fácilmente visible, utilizada con el propósito de informar, exigir, restringir o prohibir.",/taxonomy/term/64/definition
BAJA TENSIÓN,Todo suministro con tensión inferior a 1 Kv.,/taxonomy/term/65/definition
BALIZA,"Señal fija de aeronavegación, que permite la visión diurna o nocturna de un conductor de fase o del cable de guarda.",/taxonomy/term/66/definition
BATERÍA DE ACUMULADORES,Equipo que contiene una o más celdas electroquímicas recargables.,/taxonomy/term/67/definition
BIL,Nivel básico de aislamiento ante impulsos tipo rayo.,/taxonomy/term/68/definition
BOBINA,"Arrollamiento de un cable conductor alrededor de un cilindro sólido o hueco, con lo cual y debido a la especial geometría obtiene importantes características magnéticas.",/taxonomy/term/69/definition
BOMBILLA,"Dispositivo eléctrico que suministra el flujo luminoso, por transformación de energía eléctrica.
Puede ser incandescente si emite luz por calentamiento o luminiscente si hay pasó de corriente a través de un gas.",/taxonomy/term/70/definition
BORNE,"Cada uno de los botones de metal en que suelen terminar ciertas máquinas y aparatos eléctricos, y a los cuales se unen los hilos conductores.",/taxonomy/term/71/definition
BORNE DE TIERRA,Borne que está conectado a la puesta de tierra.,/taxonomy/term/72/definition
BÓVEDA,"Encerramiento dentro de un edificio con acceso sólo para personas calificadas, reforzado para resistir el fuego, sobre o bajo el nivel del terreno, que aloja transformadores de potencia para uso interior aislados en aceite mineral, secos de mas de 112,5 kVA o de tensión nominal mayor a 35 kV. Posee aberturas controladas (para acceso y ventilación) y selladas (para entrada y salida de canalizaciones y conductores).",/taxonomy/term/73/definition
CABLE,Conjunto de alambres sin aislamiento entre sí y entorchado por medio de capas concéntricas.,/taxonomy/term/74/definition
CABLE APANTALLADO,Cable con una envoltura conductora alrededor del aislamiento que le sirve como protección electromecánica. Es lo mismo que cable blindado.,/taxonomy/term/75/definition
CABLE PORTÁTIL DE POTENCIA,"Cable extraflexible, usado para conectar equipos móviles o estacionarios en minas, a una fuente de energía eléctrica.",/taxonomy/term/76/definition
CAJA GENERAL DE PROTECCIÓN,Caja en la que se alojan los elementos de protección de la línea repartidora. Señala el principio de la propiedad de las instalaciones eléctricas de los clientes.,/taxonomy/term/77/definition
CALIBRACIÓN,"Diagnóstico sobre las condiciones de operación de un equipo de medición y los ajustes, si son necesarios, para garantizar la precisión y exactitud de las medidas que con el mismo se generan.",/taxonomy/term/78/definition
CALIDAD,"La totalidad de las características de un ente que le confieren la aptitud para satisfacer necesidades explícitas e implícitas. Es un conjunto de cualidades o atributos, como disponibilidad, precio, confiabilidad, durabilidad, seguridad, continuidad, consistencia, respaldo y percepción.",/taxonomy/term/79/definition
CARGA,La potencia eléctrica requerida para el funcionamiento de uno o varios equipos eléctricos o la potencia que transporta un circuito.,/taxonomy/term/80/definition
CARGA NORMALIZADA,"En referencia a cercas eléctricas. Es la carga que comprende una resistencia no inductiva de 500 ohmios ± 2,5 ohmios y una resistencia variable, la cual es ajustada para maximizar la energía de impulso en la resistencia.",/taxonomy/term/81/definition
CARGA TOTAL DE UN EDIFICIO,"Suma de la carga eléctrica correspondiente a un conjunto de viviendas, a los servicios generales del edificio y las correspondientes a los locales comerciales e industriales.",/taxonomy/term/82/definition
CARGABILIDAD,"Límite térmico dado en capacidad de corriente, para líneas de transporte de energía, transformadores, etc.",/taxonomy/term/83/definition
CAPACIDAD DE CORRIENTE,"Corriente máxima que puede transportar continuamente un conductor en las condiciones de uso, sin superar la temperatura nominal de servicio.",/taxonomy/term/84/definition
CAPACIDAD NOMINAL,"El conjunto de características eléctricas y mecánicas asignadas a un equipo o sistema eléctrico por el diseñador, para definir su funcionamiento bajo unas condiciones especificas.",/taxonomy/term/85/definition
CAPACIDAD O POTENCIA INSTALABLE,"Se considera como capacidad instalable, la capacidad en kVA que puede soportar la acometida a tensión nominal de la red, sin que se eleve la temperatura por encima de 60 ºC en cualquier punto o la carga máxima que soporta la protección de sobrecorriente de la acometida, cuando exista.",/taxonomy/term/86/definition
CAPACIDAD O POTENCIA INSTALADA,"Es la sumatoria de las cargas en kVA continuas y no continuas, diversificadas, previstas para una instalación de uso final. Igualmente, es la potencia nominal de una central de generación, subestación, línea de transmisión o circuito de la red de distribución.",/taxonomy/term/87/definition
CENTRAL O PLANTA DE GENERACIÓN,"Conjunto de equipos electromecánicos debidamente instalados y recursos energéticos destinados a producir energía eléctrica, cualquiera que sea el procedimiento empleado o la fuente de energía primaria utilizada.",/taxonomy/term/88/definition
CENTRO DE TRANSFORMACIÓN,Local en que se alojan uno o varios transformadores necesarios para la transformación de energía eléctrica de media a baja tensión.,/taxonomy/term/89/definition
CERCA ELÉCTRICA,"Barrera para impedir el paso de personas o animales, que forma un circuito de uno o varios conductores sostenidos con aisladores, a una altura tal, que no reciban descargas peligrosas los animales ni las personas.",/taxonomy/term/90/definition
CERTIFICACIÓN,"Procedimiento mediante el cual un organismo expide por escrito o por un sello de conformidad, que un producto, un proceso o servicio cumple un reglamento técnico o una(s) norma(s) de fabricación.",/taxonomy/term/91/definition
CERTIFICACIÓN PLENA,"Proceso de certificación del cumplimiento de los requisitos establecidos en el RETIE a una instalación eléctrica, el cual consiste en la declaración de cumplimiento suscrita por la persona calificada responsable de la construcción de la instalación, acompañada del aval de cumplimiento mediante un dictamen de inspección, previa realización de la inspección de comprobación efectuada por inspector(es) de un organismo de inspección debidamente acreditado.",/taxonomy/term/92/definition
CERTIFICADO DE CONFORMIDAD,"Documento emitido conforme a las reglas de un sistema de certificación, en el cual se puede confiar razonablemente que un producto, proceso o servicio es conforme con una norma, especificación técnica u otro documento normativo específico.",/taxonomy/term/93/definition
CIRCUITO ELÉCTRICO,"Lazo cerrado formado por un conjunto de elementos, dispositivos y equipos eléctricos, alimentados por la misma fuente de energía y con las mismas protecciones contra sobretensiones y sobrecorrientes. No se toman los cableados internos de equipos como circuitos.",/taxonomy/term/94/definition
CLAVIJA,Dispositivo que por inserción en un tomacorriente establece una conexión eléctrica entre los conductores de un cordón flexible y los conductores conectados permanentemente al tomacorriente.,/taxonomy/term/95/definition
COMITÉ TÉCNICO DE NORMALIZACIÓN,"Grupo de personas con diferentes intereses sobre un tema, que se reúnen regular y voluntariamente con el fin de identificar necesidades, analizar documentos y elaborar normas técnicas.",/taxonomy/term/96/definition
COMPATIBILIDAD ELECTROMAGNÉTICA,"Es la capacidad de un equipo o sistema para funcionar satisfactoriamente en su ambiente electromagnético, sin dejarse afectar ni afectar a otros equipos por energía electromagnética radiada o conducida.",/taxonomy/term/97/definition
CONDENACIÓN,Bloqueo de un aparato de corte por medio de un candado o de una tarjeta.,/taxonomy/term/98/definition
CONDICIÓN INSEGURA,Circunstancia potencialmente riesgosa que está presente en el ambiente de trabajo.,/taxonomy/term/99/definition
CONDUCTOR ACTIVO,"Aquella parte destinada, en su condición de operación normal, a la transmisión de electricidad y por tanto sometidas a una tensión en servicio normal.",/taxonomy/term/100/definition
CONDUCTOR A TIERRA,"También llamado conductor del electrodo de puesta a tierra, es aquel que conecta un sistema o circuito eléctrico intencionalmente a una puesta a tierra.",/taxonomy/term/101/definition
CONDUCTOR ENERGIZADO,Todo aquel que no está conectado a tierra.,/taxonomy/term/102/definition
CONDUCTOR NEUTRO,Conductor activo conectado intencionalmente al punto neutro de un transformador o instalación y que contribuye a cerrar un circuito de corriente.,/taxonomy/term/103/definition
CONEXIÓN EQUIPOTENCIAL,"Conexión eléctrica entre dos o más puntos, de manera que cualquier corriente que pase, no genere una diferencia de potencial sensible entre ambos puntos.",/taxonomy/term/104/definition
CONFIABILIDAD,"Capacidad de un dispositivo, equipo o sistema para cumplir una función requerida, en unas condiciones y tiempo dados. Equivale a fiabilidad.",/taxonomy/term/105/definition
CONFORMIDAD,"Cumplimiento de un producto, proceso o servicio frente a uno o varios requisitos o prescripciones.",/taxonomy/term/106/definition
CONSENSO,"Acuerdo general caracterizado porque no hay oposición sostenida a asuntos esenciales, de cualquier parte involucrada en el proceso, y que considera las opiniones de todas las partes y reconcilia las posiciones divergentes, dentro del ámbito del bien común e interés general.",/taxonomy/term/107/definition
CONSIGNACIÓN,"Conjunto de operaciones destinadas a abrir, bloquear y formalizar la intervención sobre un circuito.",/taxonomy/term/108/definition
CONTACTO DIRECTO,Es el contacto de personas o animales con conductores activos de una instalación eléctrica.,/taxonomy/term/109/definition
CONTACTO ELÉCTRICO,"Acción de unión de dos elementos con el fin de cerrar un circuito. Puede ser de frotamiento, de rodillo, líquido o de presión.",/taxonomy/term/110/definition
CONTACTO INDIRECTO,Es el contacto de personas o animales con elementos o partes conductivas que normalmente no se encuentran energizadas. Pero en condiciones de falla de los aislamientos se puedan energizar.,/taxonomy/term/111/definition
CONTAMINACIÓN,"Liberación artificial de sustancias o energía hacia el entorno y que puede causar efectos adversos en el ser humano, otros organismos vivos, equipos o el medio ambiente.",/taxonomy/term/112/definition
CONTRATISTA,"Persona natural o jurídica que responde ante el dueño de una obra, para efectuar actividades de asesoría, interventora, diseño, supervisión, construcción, operación, mantenimiento u otras relacionadas con las líneas eléctricas y equipos asociados, cubiertas por el presente Reglamento Técnico.",/taxonomy/term/113/definition
CONTROL DE CALIDAD,"Proceso de regulación, a través del cual se mide y controla la calidad real de un producto o servicio.",/taxonomy/term/114/definition
CONTROLADOR DE CERCA ELÉCTRICA,Aparato diseñado para suministrar periódicamente impulsos de alta tensión a una cerca conectada a él.,/taxonomy/term/115/definition
CORRIENTE ELÉCTRICA,"Es el movimiento de cargas eléctricas entre dos puntos que no se hallan al mismo potencial, por tener uno de ellos un exceso de electrones respecto al otro.",/taxonomy/term/116/definition
CORRIENTE DE CONTACTO,"Corriente que circula a través del cuerpo humano, cuando está sometido a una tensión de contacto.",/taxonomy/term/117/definition
CORROSIÓN,"Ataque a una materia y destrucción progresiva de la misma, mediante una acción química o electroquímica o bacteriana.",/taxonomy/term/118/definition
CORTOCIRCUITO,Unión de muy baja resistencia entre dos o más puntos de diferente potencial del mismo circuito.,/taxonomy/term/119/definition
DAÑO,Consecuencia material de un accidente.,/taxonomy/term/120/definition
DERECHOS DE ACOMETIDA,Compensación económica que reciben las empresas suministradoras por las instalaciones de extensión y responsabilidad necesarias para atender la demanda de nuevos suministros y los ya existentes.,/taxonomy/term/121/definition
DERECHOS DE CONEXIÓN,"Cantidad que tiene derecho a percibir la empresa suministradora por la conexión de sus instalaciones, así como por la conexión o desconexión del equipo de medida.",/taxonomy/term/122/definition
DERIVACIÓN INDIVIDUAL,"Parte de la instalación de enlace que une la línea repartidora con las instalaciones interiores del cliente y que, iniciándose en el embarrado general, comprende los fusibles de seguridad, el conjunto de medida y los dispositivos de mando y protección.",/taxonomy/term/123/definition
DESASTRE,Situación catastrófica súbita que afecta a gran número de personas.,/taxonomy/term/124/definition
DESCARGA DISRUPTIVA,"Falla de un aislamiento bajo un esfuerzo eléctrico, por superarse un nivel de tensión determinado que hace circular una corriente. Se aplica al rompimiento del dieléctrico en sólidos, líquidos o gases y a la combinación de estos.",/taxonomy/term/125/definition
DESCUIDO,Olvido o desatención de alguna regla de trabajo.,/taxonomy/term/126/definition
DIELÉCTRICO,Material de baja conductividad eléctrica que puede ser tomado como no conductor o aislador.,/taxonomy/term/127/definition
DISCRIMINACIÓN HORARIA,"Mecanismo que consiste en separar, mediante los contadores adecuados, los consumos de energía en períodos o espacios de tiempo previamente establecidos por el comercializador (horas punta, valle, llano, días pico al año, días altos al año, etc.).",/taxonomy/term/128/definition
DISPONIBILIDAD,Certeza de que un equipo o sistema sea operable en un tiempo dado. Cualidad para operar normalmente.,/taxonomy/term/129/definition
DISPOSITIVO DE CONTROL DE HOMBRE MUERTO,Dispositivo diseñado para parar un equipo cuando un operario libera el mismo con la mano o pie.,/taxonomy/term/130/definition
DISPOSITIVO DE PROTECCIÓN CONTRA SOBRETENSIONES TRANSISTORIAS,Dispositivo diseñado para limitar las sobretensiones transitorias y conducir las corrientes de impulso. Contiene al menos un elemento no lineal.,/taxonomy/term/131/definition
DISPOSITIVO DE PROTECCIÓN CONTRA SOBRETENSIONES TRANSITORIAS DEL TIPO CONMUTACIÓN DE TENSIÓN,"Un DPS que tiene una alta impedancia cuando no está presente un transitorio, pero que cambia súbitamente su impedancia a un valor bajo en respuesta a un transitorio de tensión. Ejemplos de estos dispositivos son: Los vía de chispas, tubos de gas, tiristores y triacs.",/taxonomy/term/132/definition
DISPOSITIVO DE PROTECCIÓN CONTRA SOBRETENSIONES TRANSITORIAS DEL TIPO LIMITACIÓN DE  TENSIÓN,"Un DPS que tiene una alta impedancia cuando no esta presente un transitorio, pero se reduce gradualmente con el incremento de la corriente y la tensión transitoria. Ejemplos de estos dispositivos son los varistores y los diodos de supresión.",/taxonomy/term/133/definition
DISTANCIA A MASA,"Distancia mínima, bajo condiciones especificadas, entre una parte bajo tensión y toda estructura que tiene el mismo potencial de tierra.",/taxonomy/term/134/definition
DISTANCIA AL SUELO,"Distancia mínima, bajo condiciones ya especificadas, entre el conductor bajo tensión y el terreno.",/taxonomy/term/135/definition
DISTANCIA DE SEGURIDAD,"Distancia mínima alrededor de un equipo eléctrico o de conductores energizados, necesaria para garantizar que no habrá accidente por acercamiento de personas, animales, estructuras, edificaciones o de otros equipos.",/taxonomy/term/136/definition
DISTRIBUCIÓN DE ENERGÍA ELÉCTRICA,"Transferencia de energía eléctrica a los consumidores, dentro de un área específica.",/taxonomy/term/137/definition
DOBLE AISLAMIENTO,Aislamiento compuesto de un aislamiento básico y uno suplementario.,/taxonomy/term/138/definition
ECOLOGÍA,Ciencia que trata las relaciones de los organismos entre sí y con el medio ambiente que los rodea.,/taxonomy/term/139/definition
EDIFICACIÓN,Edificio o conjunto de edificios para habitación humana o para otros usos.,/taxonomy/term/140/definition
EDIFICIO ALTO,"Es aquel que supera los 23 metros de altura, medidos desde el nivel donde puede acceder un vehículo de bomberos, según el Código de Seguridad de Vida o NFPA 101.",/taxonomy/term/141/definition
ELECTRICIDAD,"El conjunto de disciplinas que estudian los fenómenos eléctricos o una forma de energía obtenida del producto de la potencia eléctrica consumida por el tiempo de servicio. El suministro de electricidad al usuario debe entenderse como un servicio de transporte de energía, con una componente técnica y otra comercial.",/taxonomy/term/142/definition
ELECTRICIDAD ESTÁTICA,Una forma de energía eléctrica o el estudio de cargas eléctricas en reposo.,/taxonomy/term/143/definition
ELÉCTRICO,Aquello que tiene o funciona con electricidad.,/taxonomy/term/144/definition
ELECTRIZAR,Producir la electricidad en cuerpo o comunicársela.,/taxonomy/term/145/definition
ELECTROCUCIÓN,"Paso de corriente eléctrica a través del cuerpo humano, cuya consecuencia es la muerte.",/taxonomy/term/146/definition
ELECTRODO DE PUESTA A TIERRA,Es el conductor o conjunto de conductores enterrados que sirven para establecer una conexión con el suelo.,/taxonomy/term/147/definition
ELECTRÓNICA,"Parte de la electricidad que maneja las técnicas fundamentadas en la utilización de haces de electrones en vacío, en gases o en semiconductores.",/taxonomy/term/148/definition
ELECTROTECNIA,Estudio de las aplicaciones técnicas de la electricidad.,/taxonomy/term/149/definition
EMERGENCIA,Situación que se presenta por un hecho accidental y que requiere suspender todo trabajo para atenderla.,/taxonomy/term/150/definition
EMPALME,"Conexión eléctrica destinada a unir dos partes de conductores, para garantizar continuidad eléctrica y mecánica.",/taxonomy/term/151/definition
EMPRESA,"Unidad económica que se representa como un sistema integral con recursos humanos, de información, financieros y técnicos que produce bienes o servicios y genera utilidad.",/taxonomy/term/152/definition
ENERGÍA ACTIVA,"Energía eléctrica en la que las características de tensión e intensidad están en fase y, por lo tanto, se transforman en trabajo útil.",/taxonomy/term/153/definition
ENERGÍA REACTIVA,"Energía eléctrica en la que las características de tensión e intensidad están
desfasadas 90 grados. Esta energía no produce trabajo útil, pero es necesaria para el funcionamiento de determinados receptores.",/taxonomy/term/154/definition
ENSAYO,Conjunto de pruebas y controles a los cuales se somete un bien para asegurarse que cumple normas y pueda desempeñar la función requerida.,/taxonomy/term/155/definition
EQUIPO,Conjunto de personas o elementos especializados para lograr un fin o realizar un trabajo.,/taxonomy/term/156/definition
EQUIPO DE CONTROL,"Parte de la instalación de enlace que une la línea repartidora con las instalaciones interiores del cliente y que, iniciándose en el embarrado general, comprende los fusibles de seguridad, el conjunto de medida y los dispositivos de mando y protección",/taxonomy/term/157/definition
EQUIPO ELÉCTRICO DE SOPORTE DE LA VIDA,Equipo eléctrico cuyo funcionamiento contínuo es imprescindible para mantener la vida de un paciente.,/taxonomy/term/158/definition
EQUIPO ELÉCTRICO MOVIBLE,Equipo alimentado por un cable de arrastre y que está diseñado para ser movido sólo cuando está desenergizado.,/taxonomy/term/159/definition
EQUIPO ELÉCTRICO MÓVIL,Equipo que está diseñado para ser energizado mientras se mueve.,/taxonomy/term/160/definition
EQUIPOTENCIALIZAR,"Es el proceso, práctica o acción de conectar partes conductivas de las instalaciones, equipos o sistemas entre sí o a un sistema de puesta a tierra, mediante una baja impedancia, para que la diferencia de potencial sea mínima entre los puntos interconectados.",/taxonomy/term/161/definition
ERROR,"Acción o estado desacertado o equivocado, susceptible de provocar avería o accidente.",/taxonomy/term/162/definition
ESPECIFICACIÓN TÉCNICA,Documento que establece características técnicas mínimas de un producto o servicio.,/taxonomy/term/163/definition
EVALUACIÓN DE LA CONFORMIDAD,"Procedimiento utilizado, directa o indirectamente, para determinar que se cumplen los requisitos o prescripciones pertinentes de los reglamentos técnicos o normas.",/taxonomy/term/164/definition
EVENTO,"Es una manifestación o situación, producto de fenómenos naturales, técnicos o sociales que puede dar lugar a una emergencia.",/taxonomy/term/165/definition
EXPLOSIÓN,Expansión rápida y violenta de una masa gaseosa que genera una onda de presión que puede afectar sus proximidades.,/taxonomy/term/166/definition
EXPOSICIÓN OCUPACIONAL,"Toda exposición de los trabajadores ocurrida durante la jornada de trabajo, a un riesgo o contaminante.",/taxonomy/term/167/definition
EXTENSIÓN,"Conjunto compuesto de tomacorriente, cables y clavija; sin conductores expuestos y sin empalmes, utilizado con carácter provisional.",/taxonomy/term/168/definition
EXTINTOR,"Aparato autónomo, que contiene un agente para apagar el fuego, eliminando el oxígeno.",/taxonomy/term/169/definition
FACTOR DE RIESGO,Condición ambiental o humana cuya presencia o modificación puede producir un accidente o una enfermedad ocupacional.,/taxonomy/term/170/definition
FALLA,"Degradación de componentes. Alteración intencional o fortuita de la capacidad de un sistema, componente o persona, para cumplir una función requerida.",/taxonomy/term/171/definition
FASE,"Designación de un conductor, un grupo de conductores, un terminal, un devanado o cualquier otro elemento de un sistema polifásico que va a estar energizado durante el servicio normal.",/taxonomy/term/172/definition
FIBRILACIÓN VENTRICULAR,Contracción espontánea e incontrolada de las fibras del músculo cardíaco.,/taxonomy/term/173/definition
FLECHA,"Distancia vertical máxima en un vano, entre el conductor y la línea recta horizontal que une los dos puntos de sujeción.",/taxonomy/term/174/definition
FLICKER,"Es la percepción de la variación de la luminosidad de una lámpara, ocasionada por fluctuaciones de tensión en la red eléctrica. Depende fundamentalmente de la amplitud, frecuencia y duración de las fluctuaciones de tensión que la causan.",/taxonomy/term/175/definition
FLUCTUACIONES DE TENSIÓN,Producidas por variaciones periódicas o series de cambios aleatorios en la tensión de la red eléctrica. Su duración va desde varios milisegundos hasta los diez segundos y con una amplitud no superior al 10% del valor nominal.,/taxonomy/term/176/definition
FRECUENCIA,Número de períodos por segundo de una onda. Se mide en hertz o ciclos por segundo.,/taxonomy/term/177/definition
FRENTE MUERTO,Parte de un equipo accesible a las personas y sin partes activas expuestas.,/taxonomy/term/178/definition
FUEGO,"Combinación de combustible, oxígeno y calor. Combustión que se desarrolla en condiciones  controladas.",/taxonomy/term/179/definition
FUEGO CLASE C,El originado en equipos eléctricos energizados.,/taxonomy/term/180/definition
FUENTE DE ENERGÍA,Todo equipo o sistema que suministre energía eléctrica.,/taxonomy/term/181/definition
FUENTE DE RESPALDO,"Uno o más sistemas de suministro de energía (grupos electrógenos, bancos de baterías, UPS, circuito de suplencia) cuyo objetivo es proveer energía durante la interrupción del servicio eléctrico normal.",/taxonomy/term/182/definition
FUGA DE CORRIENTE,"Derivación de la corriente por caminos distintos a los hitos activos, provocada, generalmente, por deterioro del aislamiento del conductor.",/taxonomy/term/183/definition
FUSIBLE,"Componente cuya función es abrir, por la fusión de uno o varios de sus componentes, el circuito en el cual está insertado.",/taxonomy/term/184/definition
GENERACIÓN DE ENERGÍA ELÉCTRICA,"Proceso mediante el cual se obtiene energía eléctrica a partir de alguna otra forma de energía (mecánica, química, potencial, eólica, etc).",/taxonomy/term/185/definition
GENERACIÓN HIDRÁULICA,"Es un sistema de generación que utiliza el agua como fuente de energía para producir electricidad, para lo cual transforma la energía de movimiento del agua, en energía eléctrica a través de los generadores.",/taxonomy/term/186/definition
GENERACIÓN TÉRMICA,Generación de energía donde se usa una turbina accionada por vapor de agua inyectado a presión para mover el eje de los generadores eléctricos.,/taxonomy/term/187/definition
GENERACIÓN EÓLICA,Generación de Energía mediante el uso de la energía del viento.,/taxonomy/term/188/definition
GENERADOR,"Persona natural o jurídica que produce energía eléctrica, que tiene por lo menos una central o unidad generadora. También significa equipo de generación de energía eléctrica incluyendo los grupos electrógenos.",/taxonomy/term/189/definition
I.G.A.,Interruptor General Automático. Aparato utilizado como interruptor de protección general de todos los circuitos de un suministro.,/taxonomy/term/190/definition
IGNICIÓN,Acción de originar una combustión.,/taxonomy/term/191/definition
ILUMINANCIA,"Es la densidad de flujo luminoso que incide sobre una superficie. Su unidad, el lux, equivale al flujo luminoso de un lumen que incide homogéneamente sobre una superficie de un metro cuadrado.",/taxonomy/term/192/definition
IMPACTO AMBIENTAL,"Acción o actividad que produce una alteración, favorable o desfavorable, en el medio ambiente o en alguno de los componentes del mismo.",/taxonomy/term/193/definition
IMPERICIA,Falta de habilidad para desarrollar una tarea.,/taxonomy/term/194/definition
INCENDIO,Es todo fuego incontrolado.,/taxonomy/term/195/definition
INDUCCIÓN,"Fenómeno en el que un cuerpo energizado, transmite por medio de su campo eléctrico o magnético, energía a otro cuerpo, a pesar de estar separados por un dieléctrico.",/taxonomy/term/196/definition
INDUCCIÓN ELECTROMAGNÉTICA,"Es la generación de electricidad en un conductor, debido al movimiento de un campo magnético cerca de este o por el movimiento del conductor en dicho campo.",/taxonomy/term/197/definition
INFLAMABLE,Material que se puede encender y quemar rápidamente.,/taxonomy/term/198/definition
INMUNIDAD,Es la capacidad de un equipo o sistema para funcionar correctamente sin degradarse ante la presencia de una perturbación electromagnética.,/taxonomy/term/199/definition
INSPECCIÓN,"Conjunto de actividades tales como medir, examinar, ensayar o comparar con requisitos establecidos, una o varias características de un producto o instalación eléctrica, para determinar su conformidad.",/taxonomy/term/200/definition
INSTALACIÓN ELÉCTRICA,"Conjunto de aparatos eléctricos, conductores y circuitos asociados, previstos para un fin particular: generación, transmisión, transformación, conversión, distribución o uso final de la energía eléctrica.",/taxonomy/term/201/definition
INSTALACIÓN,Es la conexión de las instalaciones del cliente a la red de la empresa distribuidora.,/taxonomy/term/202/definition
INTENSIDAD,Una de las magnitudes que caracterizan la corriente eléctrica y se define como la cantidad de electricidad que pasa a través de la sección de un hilo conductor en un segundo. La unidad de medida es el amperio.,/taxonomy/term/203/definition
INTERFERENCIA ELECTROMAGNÉTICA,Conjunto de fenómenos asociados a perturbaciones electromagnéticas que pueden producir la degradación en las condiciones y características de operación de un equipo o sistema.,/taxonomy/term/204/definition
INTERRUPTOR,Accesorio eléctrico que se utiliza para conectar o desconectar una parte de la instalación.,/taxonomy/term/205/definition
INTERRUPTOR AUTOMÁTICO,Dispositivo diseñado para que abra el circuito automáticamente cuando se produzca una sobrecorriente predeterminada.,/taxonomy/term/206/definition
INTERRUPTOR DE FALLA A TIERRA,"Interruptor diferencial accionado por corrientes de fuga a tierra, cuya función es interrumpir la corriente hacia la carga cuando se excede algún valor determinado por la soportabilidad de las personas.",/taxonomy/term/207/definition
INTERRUPTOR DE USO GENERAL,"Dispositivo para abrir y cerrar o para conmutar la conexión de un circuito, diseñado para ser operado manualmente, cumple funciones de control y no de protección.",/taxonomy/term/208/definition
INTERRUPTOR DIFERENCIAL,Aparato encargado de proteger a personas y cosas contra los contactos indirectos.,/taxonomy/term/209/definition
KILOVATIO HORA (KWH),Es la unidad de energía eléctrica y se utiliza para medir el consumo de energía activa. Equivale al consumo de un artefacto de 1.000 W de potencia durante una hora.,/taxonomy/term/210/definition
KILOVOLTAMPERIO (KVA),Unidad de potencia aparente que equivale a 1.000 voltamperios.,/taxonomy/term/211/definition
KILOVOLTAMPERIO REACTIVO (KVAR),Unidad de potencia reactiva que equivale a 1.000 voltamperios reactivos.,/taxonomy/term/212/definition
LABORATORIO DE METROLOGÍA,Laboratorio que reúne la competencia e idoneidad necesarias para determinar la aptitud o funcionamiento de equipos de medición.,/taxonomy/term/213/definition
LABORATORIO DE PRUEBA Y ENSAYOS,"Laboratorio nacional, extranjero o internacional, que posee la competencia e idoneidad necesarias para llevar a cabo en forma general la determinación de las características, aptitud o funcionamiento de materiales o productos.",/taxonomy/term/214/definition
LÁMPARA INCANDESCENTE,Elemento emisor de luz constituido por un fi lamento en alto vacío.,/taxonomy/term/215/definition
LÁMPARA FLUORESCENTE,Es una lámpara eléctrica cargada con un gas inerte (comúnmente neón). Emite luz visible por el paso de la corriente eléctrica a través de ella.,/taxonomy/term/216/definition
LESIÓN,Perjuicio fisiológico sufrido por una persona.,/taxonomy/term/217/definition
LEVANTAMIENTO DE EQUIPOS DE MEDIDA,"Acción por la cual se desconecta un equipo de medida para su comprobación, sustitución o baja.",/taxonomy/term/218/definition
LEY DE FARADAY,"""Si un campo magnético variable atraviesa el interior de una espiral se obtendrá en esta una corriente eléctrica"".",/taxonomy/term/219/definition
LIMITADOR,"También llamado interruptor de control de potencia (i.c.p.). Limita la potencia máxima que se puede utilizar en un suministro, de acuerdo con el contrato.",/taxonomy/term/220/definition
LÍMITE DE APROXIMACIÓN RESTRINGIDA,Es la distancia mínima hasta la cual el personal calificado puede situarse sin llevar los elementos de protección personal certificados contra riesgo por arco eléctrico.,/taxonomy/term/221/definition
LÍMITE DE APROXIMACIÓN SEGURA,"Es la distancia mínima, desde el punto energizado más accesible del equipo, hasta la cual el personal no calificado puede situarse sin riesgo de exposición al arco eléctrico.",/taxonomy/term/222/definition
LÍMITE DE APROXIMACIÓN TÉCNICA,Es la distancia mínima en la cual solo el personal calificado que lleva elementos de protección personal certificados contra arco eléctrico realiza trabajos en la zona de influencia directa de las partes energizadas de un equipo.,/taxonomy/term/223/definition
LÍNEA DE TRANSMISIÓN,"Un sistema de conductores y sus accesorios, para el transporte de energía eléctrica, desde una planta de generación o una subestación a otra subestación. Un circuito teórico equivalente que representa una línea de energía o de comunicaciones.",/taxonomy/term/224/definition
LÍNEA ELÉCTRICA,"Conjunto compuesto por conductores, aisladores, estructuras y accesorios destinados al transporte de energía eléctrica.",/taxonomy/term/225/definition
LÍNEA MUERTA,Término aplicado a una línea sin tensión o desenergizada.,/taxonomy/term/226/definition
LÍNEA REPARTIDORA,Parte de la instalación en baja tensión que enlaza una caja general de protección con las derivaciones individuales que alimenta.,/taxonomy/term/227/definition
LÍNEA VIVA,Término aplicado a una línea con tensión o línea energizada.,/taxonomy/term/228/definition
LOTE,"Cantidad determinada de elementos de características similares, que son fabricados bajo condiciones de producción presumiblemente uniformes, que se someten a inspección como un conjunto unitario.",/taxonomy/term/229/definition
LUGAR O LOCAL HÚMEDO,"Sitios interiores o exteriores parcialmente protegidos, sometidos a un grado moderado de humedad, cuyas condiciones ambientales se manifiestan momentáneamente o permanentemente.",/taxonomy/term/230/definition
LUGAR (CLASIFICADO) PELIGROSO,"Aquella zona donde están o pueden estar presentes gases o vapores inflamables, polvos combustibles o partículas volátiles de fácil inflamación.",/taxonomy/term/231/definition
LUMEN,Unidad de medida que cuantifica la cantidad de luz emitida por una fuente de iluminación.,/taxonomy/term/232/definition
LUMINANCIA,"Es el flujo reflejado por los cuerpos, o el flujo emitido si un objeto se considera fuente de luz. También llamado brillo fotométrico. Su unidad es la candela por metro cuadrado.",/taxonomy/term/233/definition
LUMINARIA,"Componente mecánico y óptico de un sistema de alumbrado que proyecta, filtra y distribuye los rayos luminosos, además de alojar y proteger los elementos requeridos para la iluminación.",/taxonomy/term/234/definition
MANIOBRA,Conjunto de procedimientos tendientes a operar una red eléctrica en forma segura.,/taxonomy/term/235/definition
MANTENIMIENTO,"Conjunto de acciones o procedimientos tendientes a preservar o restablecer un bien, a un estado tal que le permita garantizar la máxima confiabilidad.",/taxonomy/term/236/definition
MÁQUINA,"Conjunto de mecanismos accionados por una forma de energía, para transformarla en otra más apropiada a un efecto dado.",/taxonomy/term/237/definition
MASA,"Conjunto de partes metálicas de un equipo, que en condiciones normales, están aisladas de las partes activas y se toma como referencia para las señales y tensiones de un circuito electrónico. Las masas pueden estar o no estar conectadas a tierra.",/taxonomy/term/238/definition
MATERIAL,"Cualquier sustancia, insumo, parte o repuesto que se transforma con su primer uso o se incorpora a un bien como parte de él.",/taxonomy/term/239/definition
MATERIAL AISLANTE,"Material que impide la propagación de algún fenómeno físico, (Aislante eléctrico, material dieléctrico que se emplea para impedir el paso de cargas eléctricas. Aislante térmico, material que impide el paso de calor).",/taxonomy/term/240/definition
MATERIAL CONDUCTOR,Cuerpo por el que circula con facilidad la corriente eléctrica.,/taxonomy/term/241/definition
MEDIA TENSIÓN,Valores de tensión comprendidos entre 11.400 voltios y 34.500 voltios.,/taxonomy/term/242/definition
MÉTODO,"Modo de decir o hacer con orden una cosa. Procedimiento o técnica para realizar un análisis, un estudio o una actividad.",/taxonomy/term/243/definition
MÉTODO ELECTROGEOMÉTRICO,"Procedimiento que permite establecer cual es el volumen de cubrimiento de protección contra rayos de una estructura para una corriente dada, según la posición y la altura de la estructura considerada como pararrayos.",/taxonomy/term/244/definition
METROLOGÍA,Ciencia de la medición. Incluye aspectos teóricos y prácticos.,/taxonomy/term/245/definition
MODELO,"Procedimiento matemático que permite simular la evolución de variables y propiedades de un sistema, durante el desarrollo de un fenómeno físico o químico. Representación abstracta de un sistema.",/taxonomy/term/246/definition
MONITOR DE AISLAMIENTO,"Es un aparato o conjunto de aparatos que vigila la impedancia balanceada o no balanceada de cada fase de un circuito aislado de tierra y equipado con un circuito de prueba que acciona una alarma cuando la corriente de fuga supere el valor de referencia, sin disparar el circuito.",/taxonomy/term/247/definition
MONITOREO DEL CONDUCTOR DE TIERRA,Acción de verificar la continuidad del conductor de puesta a tierra de las instalaciones.,/taxonomy/term/248/definition
MONOFÁSICO,Suministro de energía eléctrica que se realiza con una fase y un neutro (110 voltios).,/taxonomy/term/249/definition
MOTOR ELÉCTRICO,"El motor eléctrico permite la transformación de energía eléctrica en energía mecánica, esto se logra mediante la rotación de un campo magnético alrededor de una espira o bobinado que toma diferentes formas.",/taxonomy/term/250/definition
MUERTE APARENTE O MUERTE CLINICA,Estado que se presenta cuando una persona deja de respirar y/o su corazón no bombea sangre.,/taxonomy/term/251/definition
MUERTO,"Ser sin vida. También se aplica a un dispositivo enterrado en el suelo, cuyo fin es servir de punto de anclaje fijo.",/taxonomy/term/252/definition
MUESTRA,"Grupo de unidades extraídas de un lote el cual sirve para obtener la información necesaria, que permita apreciar una o más características de ese lote, además servirán de base para una decisión sobre el mismo o sobre el proceso que lo produjo.",/taxonomy/term/253/definition
NECROSIS ELÉCTRICA,Tipo de quemadura con muerte de tejidos.,/taxonomy/term/254/definition
NEUTRO,"Conductor eléctrico conectado intencionalmente a una puesta a tierra, bien sólidamente o a través de una impedancia limitadora.",/taxonomy/term/255/definition
NIVEL DE RIESGO,"Equivale a grado de riesgo. Es el resultado de la valoración conjunta de la probabilidad de ocurrencia de los accidentes, de la gravedad de sus efectos y de la vulnerabilidad del medio.",/taxonomy/term/256/definition
NIVEL DE TENSIÓN,"Los sistemas de Transmisión Regional y/o Distribución Local se clasifican por niveles, en función de la tensión nominal de operación, según la siguiente definición:
 NIVEL DE TENSIÓN I: Sistemas con tensión nominal menor a 1 kV
 NIVEL DE TENSIÓN II: Sistemas con tensión nominal mayor o igual a 1 kV y menor de 30 kV.
 NIVEL DE TENSIÓN III: Sistemas con tensión nominal mayor o igual a 30 kV y menor de 62 kV. 
 NIVEL DE TENSIÓN IV: Sistemas con tensión nominal mayor o igual a 62 kV.",/taxonomy/term/257/definition
NODO,Parte de un circuito en el cual dos o más elementos tienen una conexión común.,/taxonomy/term/258/definition
NOMINAL,"Término aplicado a una característica de operación, indica los límites de diseño de esa característica para los cuales presenta las mejores condiciones de operación. Los límites siempre están asociados a una norma técnica.",/taxonomy/term/259/definition
NORMA DE SEGURIDAD,Toda acción encaminada a evitar un accidente.,/taxonomy/term/260/definition
NORMA REGIONAL,Documento adoptado por una organización regional de normalización y que se pone a disposición del público.,/taxonomy/term/261/definition
NORMA TÉCNICA,"Documento aprobado por una institución reconocida, que prevé, para un uso común y repetido, reglas, directrices o características para los productos o los procesos y métodos de producción conexos, servicios o procesos, cuya observancia no es obligatoria.",/taxonomy/term/262/definition
NORMA TÉCNICA ARMONIZADA,"Documento aprobado por organismos de normalización de diferentes países, que establece sobre un mismo objeto, la intercambiabilidad de productos, procesos y servicios, o el acuerdo mutuo sobre los resultados de ensayos, o sobre la información suministrada de acuerdo con estas normas.",/taxonomy/term/263/definition
NORMA TÉCNICA COLOMBIANA (NTC),Norma técnica aprobada o adoptada como tal por el organismo nacional de normalización.,/taxonomy/term/264/definition
NORMA TÉCNICA EXTRANJERA,"Norma que se toma en un país como referencia directa o indirecta, pero que fue emitida por otro país.",/taxonomy/term/265/definition
NORMA TÉCNICA INTERNACIONAL,"Documento emitido por una organización internacional de normalización, que se pone a disposición del público.",/taxonomy/term/266/definition
NORMALIZAR,Establecer un orden en una actividad específica.,/taxonomy/term/267/definition
OBJETIVOS LEGÍTIMOS,"Entre otros, la garantía y la seguridad de la vida y la salud humana, animal y vegetal, de su medio ambiente y la prevención de las prácticas que puedan inducir a error a los consumidores, incluyendo asuntos relativos a la identificación de bienes o servicios, considerando entre otros aspectos, cuando corresponda a factores fundamentales de tipo climático, geográfico, tecnológico o de infraestructura o justificación científica.",/taxonomy/term/268/definition
OHMIO,"Unidad de medida de la resistencia eléctrica. Equivale a la resistencia al paso de electricidad que produce un material por el cual circula un flujo de corriente de un amperio, cuando está sometido a una diferencia de potencial de un voltio.",/taxonomy/term/269/definition
OPERADOR DE RED,"Empresa de Servicios Públicos encargada de la planeación, de la expansión y de las inversiones, operación y mantenimiento de todo o parte de un Sistema de Transmisión Regional o un Sistema de Distribución Local.",/taxonomy/term/270/definition
ORGANISMO DE ACREDITACIÓN,"Entidad gubernamental que acredita y supervisa los organismos de certificación, los laboratorios de pruebas y ensayo y de metrología que hagan parte del sistema nacional de normalización, certificación y metrología.",/taxonomy/term/271/definition
ORGANISMO DE CERTIFICACIÓN,"Entidad Imparcial, pública o privada, nacional, extranjera o internacional, que posee la competencia y la confiabilidad necesarias para administrar un sistema de certificación, consultando los intereses generales.",/taxonomy/term/272/definition
ORGANISMO DE INSPECCIÓN,"Entidad que ejecuta actividades de medición, ensayo o comparación con un patrón o documento de referencia de un proceso, un producto, una instalación o una organización y confrontar los resultados con unos requisitos especificados.",/taxonomy/term/273/definition
ORGANISMO NACIONAL DE NORMALIZACIÓN,"Entidad reconocida por el gobierno nacional, cuya función principal es la elaboración, adopción y publicación de las normas técnicas nacionales y la adopción como tales de las normas elaboradas por otros entes.",/taxonomy/term/274/definition
PARARRAYOS,"Elemento metálico resistente a la corrosión, cuya función es interceptar los rayos que podrían impactar directamente sobre la instalación a proteger. Más técnicamente se denomina terminal de captación.",/taxonomy/term/275/definition
PATRÓN,"Medida materializada, aparato de medición o sistema de medición destinado a definir, realizar, conservar o reproducir una unidad o uno o varios valores conocidos de una magnitud para trasmitirlos por comparación a otros instrumentos de medición.",/taxonomy/term/276/definition
PCB,"Bifenilo policlorado, aquellos clorobifenilos que tienen la fórmula molecular C12H10-nCln donde n es mayor que 1. Conocido comúnmente como Askarel.",/taxonomy/term/277/definition
PELIGRO,"Condición no controlada que tiene el potencial de causar lesiones a personas, daños a instalaciones o afectaciones al medio ambiente.",/taxonomy/term/278/definition
PELIGRO INMINENTE,"Para efectos de interpretación y aplicación del RETIE, alto riesgo será equivalente a peligro inminente; entendido como aquella condición del entorno o práctica irregular, cuya frecuencia esperada y severidad de sus efectos puedan comprometer fisiológicamente el cuerpo humano en forma grave (quemaduras, impactos, paro cardíaco, paro respiratorio, fibrilación o pérdida de funciones); o afectar el entorno de la instalación eléctrica (contaminación, incendio o explosión). En general, se puede presentar por:
• Deficiencias en la instalación eléctrica.
• Práctica indebida de la electrotecnia.",/taxonomy/term/279/definition
PERSONA,"Ser racional libre, autónomo, con autoridad propia, orientado a fines específicos, que por el más íntimo dominio de su libertad es dueña de sí misma y, en consecuencia, responsable de sus propias acciones. La persona se define en el orden práctico como ser libre, que en cuanto tiene unos fines que cumplir, es un ser responsable. El destino de la persona humana, por tanto, está inscrito en su propia naturaleza y no es otro que el de llevar a su máxima perfección las potencias que lo constituyen como persona humana. Sus rasgos característicos son: la individualidad, la racionalidad y la dignidad. // El individuo humano, hecho a semejanza de Dios, no algo sino alguien, una unidad de espíritu y materia, alma y cuerpo, capaz de conocimiento.",/taxonomy/term/280/definition
PERSONA CALIFICADA,"Persona natural que demuestre su formación profesional en el conocimiento de la electrotecnia y los riesgos asociados a la electricidad y además, cuente con matrícula profesional, certificado de inscripción profesional, o certificado de matricula profesional, que según la normatividad legal vigente, lo autorice o acredite para el ejercicio de la profesión.",/taxonomy/term/281/definition
PERSONA JURIDICA,"Sujeto susceptible de adquirir y ejercer derechos y de aceptar y cumplir obligaciones, ya lo sea por sí o por representante.",/taxonomy/term/282/definition
PERTURBACIÓN ELECTROMAGNÉTICA,Cualquier fenómeno electromagnético que puede degradar las características de desempeño de un equipo o sistema.,/taxonomy/term/283/definition
PISO CONDUCTIVO,Arreglo de material conductivo de un lugar que sirve como medio de conexión eléctrica entre personas y objetos para prevenir la acumulación de cargas electrostáticas.,/taxonomy/term/284/definition
PLANO ELECTRICO,Representación gráfica de las características de diseño y las especificaciones para construcción o montaje de equipos y obras eléctricas.,/taxonomy/term/285/definition
POTENCIA ACTIVA,Potencia total absorbida por un receptor.,/taxonomy/term/286/definition
POTENCIA APARENTE,Potencia útil absorbida por un receptor.,/taxonomy/term/287/definition
POTENCIA DEMANDADA,Aquella alcanzada por un suministro durante un período determinado.,/taxonomy/term/288/definition
POTENCIA ELÉCTRICA,"Tasa de producción, transmisión o utilización de energía eléctrica, generalmente expresada en vatios.",/taxonomy/term/289/definition
POTENCIA INSTALADA,"Suma de potencias nominales de máquinas de la misma clase (generadores, transformadores, convertidores, motores) en una instalación eléctrica.",/taxonomy/term/290/definition
POTENCIA MÁXIMA,Valor máximo de la carga que puede ser mantenida durante tiempo especificado. Potencia útil absorbida por un receptor.,/taxonomy/term/291/definition
POTENCIA REAL,Parte de la potencia aparente que produce trabajo. Comercialmente se mide en KW.,/taxonomy/term/292/definition
POTENCIA REAL,Parte de la potencia aparente que produce trabajo. Comercialmente se mide en KW.,/taxonomy/term/293/definition
PRECAUCIÓN,Actitud de cautela para evitar o prevenir los daños que puedan presentarse al ejecutar una acción.,/taxonomy/term/294/definition
PREVENCIÓN,Evaluación predictiva de los riesgos y sus consecuencias. Conocimiento a priori para controlar los riesgos. Acciones para eliminar la probabilidad de un accidente.,/taxonomy/term/295/definition
PREVISIÓN,"Anticipación y adopción de medidas ante la posible ocurrencia de un suceso, en función de los indicios observados y de la experiencia.",/taxonomy/term/296/definition
PRIMEROS AUXILIOS,"Todos los cuidados inmediatos y adecuados, pero provisionales, que se prestan a alguien accidentado o con enfermedad repentina, para conservarle la vida.",/taxonomy/term/297/definition
PROCESO DE TRANSFORMACIÓN,"Proceso en el cual los parámetros de la potencia eléctrica son modificados, por los equipos de una subestación.",/taxonomy/term/298/definition
PRODUCTO,"Cualquier bien, ya sea en estado natural o manufacturado, incluso si se ha incorporado en otro producto.",/taxonomy/term/299/definition
PROFESIÓN,"Empleo, facultad u oficio que tiene una persona y ejerce con derecho a retribución.",/taxonomy/term/300/definition
PUERTA CORTAFUEGO,"Puerta que cumple los criterios de estabilidad, estanqueidad, no emisión de gases inflamables y aislamiento térmico cuando se encuentra sometida al fuego o incendio durante un período de tiempo determinado.",/taxonomy/term/301/definition
PUERTO,Punto de interfaz de comunicación entre un equipo y su entorno.,/taxonomy/term/302/definition
PUESTA A TIERRA,"Grupo de elementos conductores equipotenciales, en contacto eléctrico con el suelo o una masa metálica de referencia común, que distribuye las corrientes eléctricas de falla en el suelo o en la masa. Comprende electrodos, conexiones y cables enterrados.",/taxonomy/term/303/definition
PUNTO CALIENTE,"Punto de conexión que esté trabajando a una temperatura por encima de la normal, generando pérdidas de energía y a veces, riesgo de incendio.",/taxonomy/term/304/definition
PUNTO NEUTRO,Es el nodo o punto común de un sistema eléctrico polifásico conectado en estrella o el punto medio puesto a tierra de un sistema monofásico.,/taxonomy/term/305/definition
QUEMADURA,"Conjunto de trastornos tisulares, producidos por el contacto prolongado con llamas o cuerpos de temperatura elevada.",/taxonomy/term/306/definition
RAYO,"La descarga eléctrica atmosférica o más comúnmente conocida como rayo, es un fenómeno físico que se caracteriza por una transferencia de carga eléctrica de una nube hacia la tierra, de la tierra hacia la nube, entre dos nubes, al interior de una nube o de la nube hacia la ionosfera.",/taxonomy/term/307/definition
RECEPTOR,Todo equipo o máquina que utiliza la electricidad para un fin particular.,/taxonomy/term/308/definition
RED EQUIPOTENCIAL,"Conjunto de conductores del sistema de puesta a tierra que no están en contacto con el suelo o terreno y que conectan sistemas eléctricos, equipos o instalaciones con la puesta a tierra.",/taxonomy/term/309/definition
RED INTERNA,"Es el conjunto de redes, tuberías, accesorios y equipos que integran el sistema de suministro del servicio público al inmueble a partir del medidor. Para edificios de propiedad horizontal o condominios, es aquel sistema de suministro del servicio al inmueble a partir del registro de corte general cuando lo hubiere.",/taxonomy/term/310/definition
REGLAMENTO TÉCNICO,"Documento en el que se establecen las características de un producto, servicio o los procesos y métodos de producción, con inclusión de las disposiciones administrativas aplicables y cuya observancia es obligatoria.",/taxonomy/term/311/definition
REQUISITO,"Precepto, condición o prescripción que debe ser cumplida, es decir que su cumplimiento es obligatorio.",/taxonomy/term/312/definition
RESGUARDO,"Medio de protección que impide o dificulta el acceso de las personas o sus extremidades, a una zona de peligro.",/taxonomy/term/313/definition
RESISTENCIA DE PUESTA A TIERRA,Es la relación entre el potencial del sistema de puesta a tierra a medir.,/taxonomy/term/314/definition
RETIE,Acrónimo del Reglamento Técnico de Instalaciones Eléctricas adoptado por Colombia.,/taxonomy/term/315/definition
RIESGO DE ELECTROCUCIÓN,Posibilidad de circulación de una corriente eléctrica mortal a través de un ser vivo.,/taxonomy/term/316/definition
SECCIONADOR,Dispositivo destinado a hacer un corte visible en un circuito eléctrico y está diseñado para que se manipule después de que el circuito se ha abierto por otros medios.,/taxonomy/term/317/definition
SEGURIDAD,Estado de riesgo aceptable o actitud mental de las personas.,/taxonomy/term/318/definition
SEÑALIZACIÓN,Conjunto de actuaciones y medios dispuestos para reflejar las advertencias de seguridad en una instalación.,/taxonomy/term/319/definition
SERVICIO,"Prestación realizada a título profesional o en forma pública, en forma onerosa o no, siempre que no tenga por objeto directo la fabricación de bienes.",/taxonomy/term/320/definition
SERVICIO PÚBLICO,"Actividad organizada que satisface una necesidad colectiva en forma regular y continua, de acuerdo con un régimen jurídico especial, bien sea que se realice por el Estado directamente o por entes privados.",/taxonomy/term/321/definition
SERVICIO PÚBLICO DOMICILIARIO DE ENERGÍA ELÉCTRICA,"Es el transporte de energía eléctrica desde las redes regionales de transmisión hasta el domicilio del usuario final, incluida su conexión y medición.",/taxonomy/term/322/definition
SÍMBOLO,"Imagen o signo que describe una unidad, magnitud o situación determinada y que se utiliza como forma convencional de entendimiento colectivo.",/taxonomy/term/323/definition
SISTEMA,Conjunto de componentes interrelacionados e interactuantes para llevar a cabo una misión conjunta. Admite ciertos elementos de entrada y produce ciertos elementos de salida en un proceso organizado.,/taxonomy/term/324/definition
SISTEMA DE EMERGENCIA,"Un sistema de potencia y control destinado a suministrar energía de respaldo a un número limitado de funciones vitales, dirigidas a garantizar la seguridad y protección de la vida humana.",/taxonomy/term/325/definition
SISTEMA DE POTENCIA AISLADO (IT),"Un sistema con el punto neutro aislado de tierra o conectado a ella a través de una impedancia. Cuenta con un transformador y un monitor de aislamiento. Se utiliza especialmente en centros de atención médica, minas, embarcaciones, vehículos, ferrocarriles y plantas eléctricas.",/taxonomy/term/326/definition
SISTEMA DE PUESTA A TIERRA (SPT),"Conjunto de elementos conductores continuos de un sistema eléctrico específico, sin interrupciones, que conectan los equipos eléctricos con el terreno o una masa metálica. Comprende la puesta a tierra y la red equipotencial de cables que normalmente no conducen corriente.",/taxonomy/term/327/definition
SISTEMA DE PUESTA A TIERRA DE PROTECCIÓN,"Conjunto de conexión, encerramiento, canalización, cable y clavija que se acoplan a un equipo eléctrico, para prevenir electrocuciones por contactos con partes metálicas energizadas accidentalmente.",/taxonomy/term/328/definition
SISTEMA DE PUESTA A TIERRA DE SERVICIO,Es la que pertenece al circuito de corriente; sirve tanto para condiciones de funcionamiento normal como de falla.,/taxonomy/term/329/definition
SISTEMA DE PUESTA A TIERRA TEMPORAL,"Dispositivo de puesta en cortocircuito y a tierra, para protección del personal que interviene en redes desenergizadas.",/taxonomy/term/330/definition
SISTEMA ININTERRUPIDO DE POTENCIA (UPS),"Sistema diseñado para suministrar electricidad en forma automática, cuando la fuente de potencia normal no provea la electricidad.",/taxonomy/term/331/definition
SOBRECARGA,Funcionamiento de un elemento excediendo su capacidad nominal.,/taxonomy/term/332/definition
SOBRETENSIÓN,"Tensión anormal existente entre dos puntos de una instalación eléctrica, superior a la tensión máxima de operación normal de un dispositivo, equipo o sistema.",/taxonomy/term/333/definition
SUBESTACIÓN,"Conjunto único de instalaciones, equipos eléctricos y obras complementarias, destinado a la transferencia de energía eléctrica, mediante la transformación de potencia.",/taxonomy/term/334/definition
SUSCEPTIBILIDAD,"Es la sensibilidad de un dispositivo, equipo o sistema para operar sin degradarse en presencia de una perturbación electromagnética.",/taxonomy/term/335/definition
TABLERO,"Encerramiento metálico o no metálico donde se alojan elementos tales como aparatos de corte, control, medición, dispositivos de protección, barrajes, para efectos de este reglamento es equivalente a panel, armario o cuadro.",/taxonomy/term/336/definition
TÉCNICA,Conjunto de procedimientos y recursos que se derivan de aplicaciones prácticas de una o varias ciencias.,/taxonomy/term/337/definition
TENSIÓN,"La diferencia de potencial eléctrico entre dos conductores, que hace que fluyan electrones por una resistencia. Tensión es una magnitud, cuya unidad es el voltio; un error frecuente es hablar de “voltaje”.",/taxonomy/term/338/definition
TENSIÓN A TIERRA,"Para circuitos puestos a tierra, la tensión entre un conductor dado y el conductor del circuito puesto a tierra o a la puesta a tierra; para circuitos no puestos a tierra, la mayor tensión entre un conductor dado y algún otro conductor del circuito.",/taxonomy/term/339/definition
TENSIÓN DE CONTACTO,Diferencia de potencial que durante una falla se presenta entre una estructura metálica puesta a tierra y un punto de la superficie del terreno a una distancia de un metro. Esta distancia horizontal es equivalente a la máxima que se puede alcanzar al extender un brazo.,/taxonomy/term/340/definition
TENSIÓN DE PASO,"Diferencia de potencial que durante una falla se presenta entre dos puntos de la superficie del terreno, separados por una distancia de un paso (aproximadamente un metro).",/taxonomy/term/341/definition
TENSIÓN DE SERVICIO,"Valor de tensión, bajo condiciones normales, en un instante dado y en un nodo del sistema. Puede ser estimado, esperado o medido.",/taxonomy/term/342/definition
TENSIÓN MÁXIMA DE UN SISTEMA,"Valor de tensión máxima en un punto de un sistema eléctrico, durante un tiempo, bajo condiciones de operación normal.",/taxonomy/term/343/definition
TENSIÓN MÁXIMA PARA UN EQUIPO,"Tensión máxima para la cual está especificado, sin rebasar el margen de seguridad, en lo que respecta a su aislamiento o a otras características propias del equipo.",/taxonomy/term/344/definition
TENSIÓN NOMINAL,"Valor convencional de la tensión con el cual se designa un sistema, instalación o equipo y para el que ha sido previsto su funcionamiento y aislamiento. Para el caso de sistemas trifásicos, se considera como tal la tensión entre fases.",/taxonomy/term/345/definition
TENSIÓN TRANSFERIDA,"Es un caso especial de tensión de contacto, donde un potencial es conducido hasta un punto remoto respecto a la subestación o a una puesta a tierra.",/taxonomy/term/346/definition
TETANIZACIÓN,Rigidez muscular producida por el paso de una corriente eléctrica.,/taxonomy/term/347/definition
TIERRA,"Para sistemas eléctricos, es una expresión que generaliza todo lo referente a conexiones con tierra. En temas eléctricos se asocia a suelo, terreno, tierra, masa, chasis, carcasa, armazón, estructura ó tubería de agua. El término “masa” sólo debe utilizarse para aquellos casos en que no es el suelo, como en los aviones, los barcos y los carros.",/taxonomy/term/348/definition
TIERRA REDUNDANTE,"Conexión especial de conductores de puesta a tierra, para tomacorrientes y equipo eléctrico fijo en áreas de cuidado de pacientes, que interconecta tanto la tubería metálica como el conductor de tierra aislado, con el fin de asegurar la protección de los pacientes contra las corrientes de fuga.",/taxonomy/term/349/definition
TOMACORRIENTE,"Dispositivo con contactos hembra, diseñado para instalación fija en una estructura o parte de un equipo, cuyo propósito es establecer una conexión eléctrica con una clavija.",/taxonomy/term/350/definition
TOXICIDAD,"Efecto venenoso producido por un período de exposición a gases, humos o vapores y que puede dar lugar a un daño fisiológico o la muerte.",/taxonomy/term/351/definition
TRABAJADOR,"Persona que ejecuta un ejercicio de sus habilidades, de manera retribuida y dentro de una organización.",/taxonomy/term/352/definition
TRABAJO,"Actividad vital del hombre, social y racional, orientada a un fin y un medio de plena realización.",/taxonomy/term/353/definition
TRABAJOS EN TENSIÓN,"Métodos de trabajo, en los cuales un operario entra en contacto con elementos energizados o entra en la zona de influencia directa del campo electromagnético que este produce, bien sea con una parte de su cuerpo o con herramientas, equipos o los dispositivos que manipula.",/taxonomy/term/354/definition
TRAMO,"Se define tramo como la fracción de red comprendida entre dos puntos significativos, se caracteriza principalmente por ser aéreo o subterráneo, poseer una longitud determinada y un calibre y  material específico de conductor.",/taxonomy/term/355/definition
TRANSFORMACIÓN DE ENERGÍA ELÉCTRICA,"Proceso mediante el cual la energía eléctrica es transformada en otra forma de energía, tal como calor, fuerza motriz, iluminación, luz, sonido, radiación electromagnética.",/taxonomy/term/356/definition
TRANSMISIÓN DE ENERGÍA ELÉCTRICA,"Transferencia de grandes bloques de energía eléctrica, desde las centrales de generación hasta las áreas de consumo.",/taxonomy/term/357/definition
TRANSMISOR NACIONAL,Persona que opera y transporta energía eléctrica en el sistema de transmisión nacional o que ha constituido una empresa cuyo objeto es el desarrollo de dichas actividades.,/taxonomy/term/358/definition
UMBRAL,"Nivel de una señal o concentración de un contaminante, comúnmente aceptado como de no daño al ser humano.",/taxonomy/term/359/definition
UMBRAL DE PERCEPCIÓN,"Valor mínimo de corriente a partir de la cual es percibida por el 99,5 % de los seres humanos. Se estima en 1,1 miliamperios para los hombres en corriente alterna a 60 Hz.",/taxonomy/term/360/definition
UMBRAL DE REACCIÓN,Valor mínimo de corriente que causa contracción muscular involuntaria.,/taxonomy/term/361/definition
UMBRAL DE SOLTAR O CORRIENTE LIMITE,"Es el valor máximo de corriente que permite la separación voluntaria de un 99,5% de las personas, cuando sujetando un electrodo bajo tensión con las manos, conserva la posibilidad de soltarlo, mediante la utilización de los mismos músculos que están siendo estimulados por la corriente. Se considera como la máxima corriente segura y se estima en 10 mA para hombres, en corriente alterna.",/taxonomy/term/362/definition
URGENCIA,Necesidad de trabajo que se presenta fuera de la programación y que permite realizarse cuando se terminen las tareas en ejecución.,/taxonomy/term/363/definition
USUARIO,"Persona natural o jurídica que se beneficia con la prestación de un servicio público, bien como propietario del inmueble en donde este se presta, o como receptor directo del servicio. A este último usuario se denomina también consumidor.",/taxonomy/term/364/definition
VANO,Distancia horizontal entre dos apoyos adyacentes de una línea o red.,/taxonomy/term/365/definition
VECINDAD DEL PACIENTE,"Es el espacio destinado para el examen y tratamiento de pacientes, se define como la distancia horizontal de 1,8 metros desde la cama, silla, mesa u otro dispositivo que soporte al paciente y se extiende hasta una distancia vertical de 2,30 metros sobre el piso.",/taxonomy/term/366/definition
VIDA ÚTIL,Tiempo durante el cual un bien cumple la función para la que fue concebido.,/taxonomy/term/367/definition
ZONA DE SERVIDUMBRE,"Es una franja de terreno que se deja sin obstáculos a lo largo de una línea de transporte de energía eléctrica, como margen de seguridad para la construcción, operación y mantenimiento de dicha línea, así como para tener una interrelación segura con el entorno.",/taxonomy/term/368/definition