numero,nombre,fecha,contenido,categoria
ET867,ET867 PROYECTORES CON BOMBILLA HALÓGENA PARA VIDEO MAPPING,26-01-2023,"<div class=""contenido"">


<div class=""internas"">


<div class=""caja_texto wikiformat"">

<div style=""clear:left;"">
</div>
<h2 id=""heading_0"">
        1. OBJETO
       </h2>
       Establecer las condiciones que deben satisfacer los proyectores para video mapping, los cuales deben poseer excelentes características técnicas de durabilidad y calidad para ser utilizados en los sistemas de distribución de energía de B.T.
       <br/>
<h2 id=""heading_1"">
        2. ALCANCE
       </h2>
       La presente especificación se aplicará para todos los proyectores para video mapping que adquiera ENEL COLOMBIA.
       <br/>
<h2 id=""heading_2"">
        3. CONDICIONES DE SERVICIO
       </h2>
       Los proyectores serán utilizados para su instalación en el sistema de alumbrado Público de las áreas de operación de ENEL COLOMBIA, bajo las siguientes condiciones:
       <br/>
<br/>
<div style=""width:480px;"">
<table>
<tr>
<td colspan=""2"" rowspan=""1"" style=""width:480px;height:26px;text-align:center"">
<b>
            CARACTERÍSTICAS AMBIENTALES
           </b>
</td>
</tr>
<tr>
<td colspan=""1"" rowspan=""1"" style=""height:26px;"">
           a. Altura sobre el nivel del mar
          </td>
<td colspan=""1"" rowspan=""1"" style="""">
           2.640 m
          </td>
</tr>
<tr>
<td colspan=""1"" rowspan=""1"" style=""height:26px;"">
           b. Ambiente
          </td>
<td colspan=""1"" rowspan=""1"" style="""">
           Tropical
          </td>
</tr>
<tr>
<td colspan=""1"" rowspan=""1"" style=""height:26px;"">
           c. Humedad
          </td>
<td colspan=""1"" rowspan=""1"" style="""">
           Mayor al  90 %
          </td>
</tr>
<tr>
<td colspan=""1"" rowspan=""1"" style=""height:26px;"">
           d. Temperatura máxima y mínima
          </td>
<td colspan=""1"" rowspan=""1"" style="""">
           35 ºC y - 5 ºC respectivamente.
          </td>
</tr>
<tr>
<td colspan=""1"" rowspan=""1"" style=""height:26px;"">
           e.  Instalación
          </td>
<td colspan=""1"" rowspan=""1"" style="""">
           A la intemperie
          </td>
</tr>
</table>
<br/>
</div>
<div style=""width:480px;"">
<table>
<tr>
<td colspan=""2"" rowspan=""1"" style=""width:480px;height:26px;text-align:center"">
<b>
            CARACTERÍSTICAS ELÉCTRICAS
           </b>
</td>
</tr>
<tr>
<td colspan=""2"" rowspan=""1"" style=""height:26px;"">
           a. Tensión Nominal de la red de BT
          </td>
</tr>
<tr>
<td colspan=""1"" rowspan=""1"" style=""height:26px;"">
           - Línea - Línea
          </td>
<td colspan=""1"" rowspan=""1"" style="""">
           208 a  480 V
          </td>
</tr>
<tr>
<td colspan=""1"" rowspan=""1"" style=""height:26px;"">
           - Línea - Neutro
          </td>
<td colspan=""1"" rowspan=""1"" style="""">
           120 a  277 V
          </td>
</tr>
<tr>
<td colspan=""1"" rowspan=""1"" style=""height:26px;"">
           b. Frecuencia del sistema
          </td>
<td colspan=""1"" rowspan=""1"" style="""">
           60 Hz
          </td>
</tr>
</table>
<br/>
</div>
<h2 id=""heading_3"">
        4.  SISTEMA DE UNIDADES Y DEFINICIONES
       </h2>
       Todos los documentos técnicos, deben expresar las cantidades numéricas en unidades del sistema Internacional (S.I.).  Si se usan catálogos, folletos o planos, en sistemas diferentes de unidades, deben hacerse las conversiones respectivas.
       <br/>
<br/>
<b>
        DEFINICIONES
       </b>
<br/>
<br/>
<i>
        BOMBILLA HALOGENA:
       </i>
       Son un tipo de bombilla, similares a una convencional, pero a diferencia de estas, tienen una mezcla de gas inerte y un halógeno, lo que aumenta considerablemente la capacidad lumínica al permitir que el filamento de wolframio de su interior (tungsteno), pueda llegar a una temperatura más alta sin fundirse.
       <br/>
<br/>
<i>
        CONECTIVIDAD
       </i>
       : Es la capacidad de establecer una comunicación o crear un vínculo entre diferentes dispositivos, bien sea a través de de cables como o de manera inalámbrica.
       <br/>
<br/>
<i>
        CONJUNTO ELÉCTRICO:
       </i>
       Es la parte del proyector que contiene los equipos eléctricos/electrónicos capaces de conectar, transformar y adaptar la tensión eléctrica de la red de alimentación de B.T. a los LED o módulos LEDs que conforman el conjunto óptico.
       <br/>
<br/>
<i>
        CONJUNTO ÓPTICO:
       </i>
       Es la parte del proyector que emite la luz artificial y está compuesta por los LED o módulos LED, los lentes y sistemas que los protegen para obtener la hermeticidad y grado de protección.
       <br/>
<br/>
<i>
        FUENTE DE ALIMENTACIÓN (DRIVER):
       </i>
       Equipo electrónico que toma la energía eléctrica de la red de distribución de BT y la transforma para que proporcione los parámetros eléctricos ideales para el normal funcionamiento de los LED ó módulos LEDs.
       <br/>
<br/>
<i>
        GOBO:
       </i>
       es una placa metálica o de cristal que contiene una forma grabada y se coloca frente a una fuente de luz. El nombre de gobo viene del inglés “goes before optics” (va antes de las ópticas) y se refiere a la posición que ocupa este elemento dentro de un equipo de proyección de luz, o lámpara.
       <br/>
<br/>
<i>
        LÁSER:
       </i>
       es un acrónimo que significa Light Amplified by Stimulated Emission of Radiation (Luz amplificada por emisión estimulada de radiación). Un láser es una fuente de luz que genera un haz luminoso de una sola frecuencia, monocromático, coherente y muy intenso, mediante la estimulación eléctrica o térmica de los átomos, moléculas o iones de un material.
       <br/>
<br/>
<i>
        LED:
       </i>
       Diodo emisor de luz (por su sigla en inglés Light Emitting Diode). Tecnología que produce luz artificial por efecto de electroluminiscencia en la unión de dos semiconductores. Produciendo una luz uniforme, confortable con excelente reproducción del color que mejora la visibilidad.
       <br/>
<br/>
<i>
        LUMENES (aplicado a proyectores para video mapping):
       </i>
       Los lúmenes son una medida de la iluminancia, que se refiere a la intensidad de la luz que sale del proyector.
       <br/>
<br/>
<i>
        LUMINOSIDAD (aplicado a proyectores para video mapping):
       </i>
       La luminosidad o potencia luminosa de un proyector se mide en lúmenes ANSI e indica la cantidad de luz que puede proyectar un proyector sobre una determinada superficie.
       <br/>
<br/>
<i>
        MUAP:
       </i>
       Manual único de Alumbrado Público. Decreto 500 de 2003, Alcaldía Mayor de Bogotá.
       <br/>
<br/>
<i>
        ONAC:
       </i>
       Organismo Nacional de Acreditación de Colombia.
       <br/>
<br/>
<i>
        OPTICA:
       </i>
       Es el sistema óptico de proyección que consta de una lente convergente cuya función es desviar los rayos luminosos retractándolos para producir la imagen en la pantalla.
       <br/>
<br/>
<i>
        PROYECTOR LED:
       </i>
       Aparato el cual distribuye, filtra y transforma la luz emitida por los LEDs o módulos LED, que incluye las partes para la fijación y protección de las piezas que emiten la luz artificial (LED o módulo LED), como también los equipos eléctricos necesarios para la producción de luz.
       <br/>
       RESOLUCIÓN: ES el número de píxeles que contiene una imagen. Generalmente se indica en ppi (pixels per inch, o píxeles por pulgada —ppp—), unidad que indica el número de píxeles que contiene una pulgada (1 pulgada = 25,4 mm). Se asocia con el nivel de nitidez de la imagen.
       <br/>
<br/>
<i>
        RETILAP:
       </i>
       Reglamento Técnico de Iluminación y Alumbrado Público.
       <br/>
<br/>
<i>
        VIDEO MAPPING:
       </i>
       técnica de proyección de un contenido audiovisual que se puede realizar sobre cualquier tipo de superficie.
       <br/>
<br/>
<h2 id=""heading_4"">
        5. NORMAS DE FABRICACIÓN Y PRUEBAS PARA PROYECTORES DE VÍAS Y ESPACIOS PÚBLICOS
       </h2>
<div style=""width:840px;"">
<table>
<tr>
<td colspan=""2"" rowspan=""1"" style=""width:228px;height:20px;text-align:center"">
<b>
            NORMA
           </b>
</td>
<td colspan=""1"" rowspan=""1"" style=""width:612px;text-align:center"">
<b>
            DESCRIPCIÓN
           </b>
</td>
</tr>
<tr>
<td colspan=""1"" rowspan=""1"" style=""height:20px;text-align:center"">
           NTC
          </td>
<td colspan=""1"" rowspan=""1"" style="""">
           1000
          </td>
<td colspan=""1"" rowspan=""1"" style="""">
           Sistema Internacional de Unidades.
          </td>
</tr>
<tr>
<td colspan=""1"" rowspan=""1"" style=""height:20px;text-align:center"">
           NTC
          </td>
<td colspan=""1"" rowspan=""1"" style="""">
           1156
          </td>
<td colspan=""1"" rowspan=""1"" style="""">
           Productos metálicos y recubrimientos. Ensayos cámara salina.
          </td>
</tr>
<tr>
<td colspan=""1"" rowspan=""1"" style=""height:20px;text-align:center"">
           NTC
          </td>
<td colspan=""1"" rowspan=""1"" style="""">
           3279
          </td>
<td colspan=""1"" rowspan=""1"" style="""">
           Grados de protección dado por encerramiento de equipo eléctrico [Grados IP]
          </td>
</tr>
<tr>
<td colspan=""1"" rowspan=""1"" style=""height:34px;text-align:center"">
           NTC
          </td>
<td colspan=""1"" rowspan=""1"" style="""">
           ISO 2859-1
          </td>
<td colspan=""1"" rowspan=""1"" style="""">
           Procedimientos de muestreo para inspección por atributos.  Parte 1: Planes de muestreo determinados por el nivel aceptable de calidad para inspección lote a lote.
          </td>
</tr>
<tr>
<td colspan=""1"" rowspan=""1"" style=""height:20px;text-align:center"">
           NTC
          </td>
<td colspan=""1"" rowspan=""1"" style="""">
           2050
          </td>
<td colspan=""1"" rowspan=""1"" style="""">
           Código Eléctrico Nacional (conexiones internas).
          </td>
</tr>
<tr>
<td colspan=""1"" rowspan=""1"" style=""height:20px;text-align:center"">
           IEC
          </td>
<td colspan=""1"" rowspan=""1"" style="""">
           60529
          </td>
<td colspan=""1"" rowspan=""1"" style="""">
           Degree of protection by enclosures [IP Code]
          </td>
</tr>
<tr>
<td colspan=""1"" rowspan=""1"" style=""height:34px;text-align:center"">
           EN
          </td>
<td colspan=""1"" rowspan=""1"" style="""">
           50102
          </td>
<td colspan=""1"" rowspan=""1"" style="""">
           Grados de protección proporcionados por las envolventes de materiales eléctricos contra los impactos mecánicos externos (código IK)
          </td>
</tr>
<tr>
<td colspan=""1"" rowspan=""1"" style=""height:20px;text-align:center"">
           EN
          </td>
<td colspan=""1"" rowspan=""1"" style="""">
           61347-1
          </td>
<td colspan=""1"" rowspan=""1"" style="""">
           General and Safety Requirements.  (Driver y Fuentes de alimentacion)
          </td>
</tr>
<tr>
<td colspan=""1"" rowspan=""1"" style=""height:20px;text-align:center"">
           EN
          </td>
<td colspan=""1"" rowspan=""1"" style="""">
           61347-2-13
          </td>
<td colspan=""1"" rowspan=""1"" style="""">
           Particular Requirements for DC or AC Supplied Electronic Control    Gear for LED Modules.
          </td>
</tr>
<tr>
<td colspan=""1"" rowspan=""1"" style=""height:20px;text-align:center"">
           EN
          </td>
<td colspan=""1"" rowspan=""1"" style="""">
           62348
          </td>
<td colspan=""1"" rowspan=""1"" style="""">
           DC or AC Supplied Electronic Control    Gear for LED Modules.
          </td>
</tr>
<tr>
<td colspan=""1"" rowspan=""1"" style=""height:20px;text-align:center"">
           IEC
          </td>
<td colspan=""1"" rowspan=""1"" style="""">
           61547
          </td>
<td colspan=""1"" rowspan=""1"" style="""">
           Equipment for general lighting purpose EMC immunity requirements
          </td>
</tr>
<tr>
<td colspan=""1"" rowspan=""1"" style=""height:20px;text-align:center"">
           IEC
          </td>
<td colspan=""1"" rowspan=""1"" style="""">
           61000-3-2
          </td>
<td colspan=""1"" rowspan=""1"" style="""">
           Limitation of harmonic current emission.
          </td>
</tr>
<tr>
<td colspan=""1"" rowspan=""1"" style=""height:20px;text-align:center"">
           IEC
          </td>
<td colspan=""1"" rowspan=""1"" style="""">
           61000-3-3
          </td>
<td colspan=""1"" rowspan=""1"" style="""">
           Limitation of voltage fluctuation and flicker.
          </td>
</tr>
<tr>
<td colspan=""1"" rowspan=""1"" style=""height:20px;text-align:center"">
           IES
          </td>
<td colspan=""1"" rowspan=""1"" style="""">
           LM 80-08
          </td>
<td colspan=""1"" rowspan=""1"" style="""">
           Aproved Method Measuring Lumen Maintenance of LED light
          </td>
</tr>
<tr>
<td colspan=""1"" rowspan=""1"" style=""height:20px;text-align:center"">
           IES
          </td>
<td colspan=""1"" rowspan=""1"" style="""">
           TM 21
          </td>
<td colspan=""1"" rowspan=""1"" style="""">
           Projecting Long term Lumen Maintenance of LED Ligth Source
          </td>
</tr>
<tr>
<td colspan=""1"" rowspan=""1"" style=""height:20px;text-align:center"">
           IES
          </td>
<td colspan=""1"" rowspan=""1"" style="""">
           LM 79-08
          </td>
<td colspan=""1"" rowspan=""1"" style="""">
           Electrical and Photometric Measurements of Solid-State Lighting Products
          </td>
</tr>
<tr>
<td colspan=""1"" rowspan=""1"" style=""height:20px;text-align:center"">
           ANSI
          </td>
<td colspan=""1"" rowspan=""1"" style="""">
           C 78-43 2007
          </td>
<td colspan=""1"" rowspan=""1"" style="""">
           Single – Ended metal halide lamps
          </td>
</tr>
<tr>
<td colspan=""1"" rowspan=""1"" style=""height:20px;text-align:center"">
           ANSI
          </td>
<td colspan=""1"" rowspan=""1"" style="""">
           C78.387:1987
          </td>
<td colspan=""1"" rowspan=""1"" style="""">
           Metal-Halide Lamps - Measurement of Characteristics
          </td>
</tr>
<tr>
<td colspan=""1"" rowspan=""1"" style=""height:34px;text-align:center"">
           ANSI
          </td>
<td colspan=""1"" rowspan=""1"" style="""">
           C78.389
          </td>
<td colspan=""1"" rowspan=""1"" style="""">
           American National Standard for electric lamps – High intensity discharge- Methods of measuring characteristics
          </td>
</tr>
<tr>
<td colspan=""1"" rowspan=""1"" style=""height:20px;text-align:center"">
           ANSI
          </td>
<td colspan=""1"" rowspan=""1"" style="""">
           C 82.6
          </td>
<td colspan=""1"" rowspan=""1"" style="""">
           Reference ballasts for high intensity discharge lamps methods of measurement.
          </td>
</tr>
<tr>
<td colspan=""1"" rowspan=""1"" style=""height:20px;text-align:center"">
           DIN
          </td>
<td colspan=""1"" rowspan=""1"" style="""">
           5035
          </td>
<td colspan=""1"" rowspan=""1"" style="""">
           Características de reproducción cromática y tonos de luz
          </td>
</tr>
<tr>
<td colspan=""1"" rowspan=""1"" style=""height:20px;text-align:center"">
           ISO
          </td>
<td colspan=""1"" rowspan=""1"" style="""">
           17025
          </td>
<td colspan=""1"" rowspan=""1"" style="""">
           Requisitos generales para la competencia de los laboratorios de ensayo y calibración.
          </td>
</tr>
</table>
<br/>
</div>
<br/>
       Pueden emplearse otras normas internacionalmente reconocidas equivalentes o superiores a las aquí señaladas, siempre y cuando se ajusten a lo solicitado en la presente Especificación Técnica.
       <br/>
<br/>
       Las normas citadas en la presente especificación (o cualquier otra que llegare a ser aceptada por ENEL COLOMBIA se refieren a su última revisión.
       <br/>
<h2 id=""heading_5"">
        6. REQUERIMIENTOS TÉCNICOS PARTICULARES
       </h2>
<h3 id=""heading_6"">
        6.1 Características generales
       </h3>
       •	Poder ser utilizados en la iluminación de fachadas, edificios, espacios abiertos, áreas de parqueo, escenarios deportivos recreativos y de alta competencia.
       <br/>
<br/>
       •	Poder ser utilizados al interior de centros comerciales, escenarios deportivos, teatros, eventos y otros.
       <br/>
<br/>
       •	El elemento de fijación del proyector deberá ser suministrado por el proveedor en caso de requerirse su instalación en un poste o fachada.
       <br/>
<br/>
       •	Deberá contar con elementos de graduación vertical y horizontal en su fijación, para que permitan una orientación adecuada a las condiciones del espacio y a los requerimientos de diseño.
       <br/>
<br/>
<br/>
       Los proyectores requeridos por ENEL COLOMBIA deben cumplir con las siguientes condiciones:
       <br/>
<br/>
       •	Los proyectores deben poseer las certificaciones de producto, expedida por un organismo acreditado. Dicho certificado deberá entregarse, por parte del fabricante o comercializador con todos sus anexos.
       <br/>
<br/>
<br/>
       El cuerpo del proyector debe ser tal que aloje y proteja de la intemperie a los conjuntos óptico y/o eléctrico, teniendo en cuenta los siguientes aspectos:
       <br/>
<br/>
<b>
        a)
       </b>
       Poseer un grado de protección contra el impacto y de hermeticidad de acuerdo con el numeral 6.3.
       <br/>
<br/>
<b>
        b)
       </b>
       Con acabado exterior en color gris RAL 7004 o el que en su momento se autorice.
       <br/>
<br/>
<b>
        c)
       </b>
       Garantice la estabilidad del color contra rayos ultravioleta en los acabados del proyector.
       <br/>
<br/>
<br/>
<br/>
       El proyector deberá ser asegurado anti vandálicamente a través de:
       <br/>
<br/>
<b>
        a)
       </b>
       Deberá contener un sistema de seguridad antihurto que lo proteja contra el vandalismo y robo de sus accesorios aprobado previamente por ENEL COLOMBIA.
       <br/>
<br/>
       Una vez graduado el proyector, éste deberá disponer de un sistema que marcación permanente de la posición de inclinación.
       <br/>
<br/>
       Si el proyector utiliza herrajes para su fijación, éstos deberán estar galvanizados por inmersión en caliente y deberán cumplir con las especificaciones técnicas de la norma NTC 2076, teniendo en cuenta que deben estar libres de burbujas, depósitos de escoria, manchas negras y cualquier otro tipo de inclusiones o imperfecciones.
       <br/>
<br/>
<h3 id=""heading_7"">
        6.2 Cuerpo del proyector
       </h3>
       La carcasa de proyector debe ser de material no corrosivo que proporcione rigidez y resistencia adecuada, capaz de asegurar una correcta disipación térmica necesaria para el cumplimiento de la vida útil del proyector, declarada en la ficha técnica.
       <br/>
<br/>
       La carcasa del proyector debe proteger de la intemperie la parte óptica y eléctrica si la contiene, por lo que debe ser resistente a los cambios bruscos y prolongados de la temperatura.
       <br/>
<br/>
       La disipación térmica debe tener las siguientes características:
       <br/>
<br/>
       •	Hecho de material de alta calidad, práctico y duradero.
       <br/>
<br/>
       •	El sistema de refrigeración debe proporcionar un rendimiento de refrigeración estable y eficaz para su proyector.
       <br/>
<br/>
       •	Reducir la temperatura de funcionamiento a tiempo para garantizar la velocidad de funcionamiento y prolongar la vida útil.
       <br/>
<br/>
       •	Fácil de reemplazar.
       <br/>
<br/>
       El fabricante deberá garantizar la entrada de cables al proyector mediante un sistema que asegure la hermeticidad del proyector y alivie los esfuerzos sobre las borneras de conexión.
       <br/>
<br/>
<h3 id=""heading_8"">
        6.3 Hermeticidad y grados de impacto
       </h3>
<div style=""width:542px;"">
<table>
<tr>
<td colspan=""2"" rowspan=""1"" style=""width:542px;height:20px;text-align:center"">
<b>
            ÍNDICES DE PROTECCIÓN
           </b>
</td>
</tr>
<tr>
<td colspan=""1"" rowspan=""1"" style=""height:20px;text-align:center"">
           IP
          </td>
<td colspan=""1"" rowspan=""1"" style=""text-align:center"">
           54
          </td>
</tr>
<tr>
<td colspan=""1"" rowspan=""1"" style=""height:20px;text-align:center"">
           IK
          </td>
<td colspan=""1"" rowspan=""1"" style=""text-align:center"">
           08*
          </td>
</tr>
</table>
<br/>
</div>
<b>
        Nota:
       </b>
       El fabricante debe garantizar el equipo frente a impactos por actos vandálicos, indicando en la oferta el IK correspondiente.
       <br/>
<br/>
<h3 id=""heading_9"">
        6.4 Conjunto Eléctrico
       </h3>
<br/>
       •	Tensión de alimentación: 120V A 277V con un rango de variación de +5% -10%
       <br/>
<br/>
       •	Clase de aislamiento: Clase I o II.
       <br/>
<br/>
       •	Factor de potencia mínimo 0,95
       <br/>
<br/>
       •	THD máximo de corriente: 10%
       <br/>
<br/>
       •	Todos los conductores pueden ser tipo cable.
       <br/>
<br/>
       •	La fuente de alimentación del módulo LED debe tener incorporado un sistema de protección contra temperatura; que cuando la temperatura del proyector alcance niveles definidos como críticos, la protección de la fuente de alimentación inicialmente atenúe y posteriormente apague el proyector.
       <br/>
<br/>
       •	Borneras de conexión.
       <br/>
<br/>
       •	Las conexiones eléctricas en las borneras y/o tornillería que se encuentre directamente en contacto con un punto vivo, deben ser del tipo no ferroso. Además, las conexiones libres o suspendidas dentro del compartimiento eléctrico deben llevar conectores de resorte o terminales aislados.
       <br/>
<br/>
       •	Los extremos de los cables deben ser estañados o incluir terminales y de suficiente capacidad para soportar las corrientes. No se aceptan para conexión del proyector la utilización de clavijas.
       <br/>
<br/>
       •	La fuente de alimentación debe poseer su protección de sobrecarga interna.
       <br/>
<br/>
       •	El fuente de alimentación debe contar con DPS (Dispositivo de Protección Contra Sobretensiones).
       <br/>
<br/>
       •	El fuente de alimentación debe venir con protección contra sobre corriente incorporado. Se deberán describir las características de esta protección.
       <br/>
<br/>
<b>
        Acometida del proyector
       </b>
<br/>
<br/>
       La acometida del proyector deberá estar adecuado para recibir cable encauchetado de tres conductores con calibres número 14 AWG.
       <br/>
<br/>
       Si se utiliza el sistema de pasacables, se exige la implementación de un prensador para la acometida hacia el proyector; el pasacables debe tener un ajuste perfecto que evite su pérdida y que conserve el grado de hermeticidad IP del conjunto eléctrico del proyector.
       <br/>
<br/>
       Para la alimentación del proyector, debe ser instalada exclusivamente una bornera para conexión y desconexión de los cables de alimentación con los componentes del conjunto eléctrico cumpliendo las siguientes características:
       <br/>
<br/>
       •	Fabricada en material con clase térmica no inferior a 105 °C, con tensión de aislamiento 600 V.
       <br/>
<br/>
       •	Capaz de albergar fácilmente cable encauchetado de tres conductores tipo cable calibre No. 14 AWG.
       <br/>
<br/>
       •	Rotulada claramente indicando la(s) fase(s), o si es del caso, cuál de los bornes corresponde al neutro y a tierra.
       <br/>
<br/>
       •	Los contactos deben ser fabricados en un material no ferroso, protegido contra la corrosión y de dimensiones que garanticen el contacto eléctrico.
       <br/>
<br/>
<h3 id=""heading_10"">
        6.5 Conjunto o sección óptica
       </h3>
<br/>
       •	El proyector debe tener un Índice de Reproducción de Color (IRC) = 75.
       <br/>
<br/>
       •	Para los proyectores, la vida útil de la bombilla o lampara debe ser = de 750 horas con ensayo de un ente certificado internacionalmente.
       <br/>
<br/>
       •	La lámpara para utilizar debe ser de halogenuros metálicos, de hasta 150.000 Lumen, que permitan altas prestaciones de iluminación, con precisión de imagen y altísimos contrastes. Debe contar un amplio rango de uso tanto en distancias cortas como muy largas de más de 1500 metros.
       <br/>
<br/>
       •	La conexión de la bombilla de halogenuros metálicos al equipo debe ser a través del estándar PGJX36.
       <br/>
<br/>
       •	La eficacia de la bombilla de halogenuro metálico debe ser de mínimo 70 lm/W.
       <br/>
<br/>
       •	La resolución mínima aceptada para el proyector será 2K (2048?×?1080).
       <br/>
<br/>
       •	Relación de Proyección (throw ratio) es el resultado de dividir la distancia del proyector a la superficie de proyección entre el ancho de la proyección. (ver figura 1).
       <br/>
<br/>
<br/>
<img src=""https://i.ibb.co/gJ2z58P/ET867-Imagen1.png""/>
<br/>
<br/>
<br/>
<b>
        Throw ratio
       </b>
       = d / A
       <br/>
<br/>
<b>
        Donde:
       </b>
<br/>
<br/>
       d : distancia entre el proyector y la superficie
       <br/>
       A : ancho de la superficie.
       <br/>
<br/>
       Normalmente se suele indicar como d/A.
       <br/>
<br/>
<h3 id=""heading_11"">
        6.6 Lúmenes de un proyecto estándar ANSI e ISO
       </h3>
       Los lúmenes ANSI son los resultados que se miden mediante la prueba de los 9 puntos.
       <br/>
<br/>
<img src=""https://i.ibb.co/SsT8JRw/ET867-Imagen2.png""/>
<br/>
<i>
        Método de 9 puntos para medir el brillo de un proyector en una imagen 100% blanca.
       </i>
<br/>
<b>
        NOTA:
       </b>
       Se especifica en ANSI IT7.228-1997.
       <br/>
<br/>
       Generalmente, cuando el fabricante no indica si el flujo está dado con estándar ANSI (lúmenes ANSI) o ISO (lúmenes ISO) se considera que el fabricante está utilizando una lectura del punto central de la cuadricula de los nueve (9) puntos. Esto casi siempre da una medición más alta que los lúmenes ANSI, porque ningún proyector proporciona un brillo uniforme en toda la imagen, y el punto central suele ser uno de los puntos más brillantes de los nueve definidos para los lúmenes ANSI.
       <br/>
<br/>
<b>
        Medición del brillo ANSI
       </b>
<br/>
<br/>
       Lúmenes ANSI = promedio de lecturas Lux x área de imagen en metros cuadrados
       <br/>
<br/>
       Lúmenes ANSI = (L1
       <u>
        L2
       </u>
       L3
       <u>
        L4
       </u>
       L5
       <u>
        L6
       </u>
       L7
       <u>
        L8
       </u>
       L9)/9 (lux) x A (m^2)
       <br/>
<br/>
       A (área) = W * H (m^2)
       <br/>
<br/>
<b>
        Donde:
       </b>
<br/>
       W = ancho de la proyección
       <br/>
       H = altura de la proyección
       <br/>
<br/>
       Las equivalencias entre los sistemas mencionados (ANSI, ISO, punto central) son las siguientes:
       <br/>
<br/>
       ANSI lumens = 0.8 ISO Lúmenes.
       <br/>
<br/>
       ANSI lumens = Lúmenes punto central / 2.4
       <br/>
<br/>
<h3 id=""heading_12"">
        6.7 Interfaces
       </h3>
<br/>
       El proyector debe contar como mínimo con las siguientes interfaces de conexión:
       <br/>
<br/>
       •	HDMI
       <br/>
       •	HDBaseT
       <br/>
       •	Entrada de audio: Mini estéreo
       <br/>
       •	Salida de audio variable: Mini estéreo
       <br/>
       •	Conector USB tipo B
       <br/>
       •	Conector USB tipo A
       <br/>
       •	Serial: RS-232c
       <br/>
       •	LAN con cable RJ-45
       <br/>
       •	LAN inalámbrica
       <br/>
<br/>
<h3 id=""heading_13"">
        6.8 Tipos de GOBO
       </h3>
       •	Gobos metálicos: se elaboran en una chapa de acero. Se trata de hacer un troquel sobre una finísima lámina metálica. Actualmente se hacen con cortadoras láser.
       <br/>
<br/>
       La luz pasa a través de los cortes y es proyectada sobre la superficie que se quiera. La proyección puede ser blanca o de un color sólido aplicando un filtro convencional. Al ser una única capa no nos permite realizar composiciones muy complejas ni varios colores. El uso prolongado de este tipo de gobo hace que se deforme y que la imagen final pierda definición.
       <br/>
<br/>
       •	Gobos de cristal: se fabrican en vidrio de borosilicato, es el mismo material que se utiliza en probetas de laboratorio, hornos, etc. debido a su resistencia a las altas temperaturas. Mediante un proceso fotoquímico se superponen varias capas, lo que permite elaborar diseños complejos pudiendo aplicar varios colores incluso degradados.
       <br/>
<br/>
       •	Otros tipos: La evolución de la tecnología LED (que genera mucho menos calor que las lámparas de incandescencia) ha hecho que se desarrollen nuevos tipos gobos sobre materiales plásticos.
       <br/>
<br/>
       En cada licitación se especificará la cantidad de Gobos y los diseños requeridos.
       <br/>
<br/>
       Existen dos tipos: los que se basan en el mismo proceso que los de cristal y un tipo menos común que utilizan un proceso similar al de las diapositivas.
       <br/>
<br/>
<h2 id=""heading_14"">
        7.  CRITERIOS DE ACEPTACIÓN O RECHAZO
       </h2>
<h3 id=""heading_15"">
        7.1 Muestreo
       </h3>
<br/>
       El muestreo se realizará con base en los procedimientos y tablas estipuladas en la norma NTC-ISO 2859-1 “Procedimientos de muestreo para Inspección por Atributos. Parte 1: Planes de muestreo determinados por el nivel aceptable de calidad para inspección lote a lote” (Militar Standard 105 D ""Sampling procedures and tables for inspection by atributes"") y se acordará por las partes, previamente a la fecha de la realización de las pruebas y recepción de los bienes. Para el desarrollo de las pruebas es indispensable que los instrumentos involucrados estén calibrados.
       <br/>
<br/>
<h3 id=""heading_16"">
        7.2 Aceptación o Rechazo
       </h3>
<br/>
       Si el número de elementos defectuosos es menor o igual al correspondiente número de defectuosos (dado en la norma NTC-ISO 2859-1 en la tercera columna de las Tablas 1 y 2), se deberá considerar que el lote cumple con los requisitos técnicos exigidos por Enel Colombia S.A., pero en caso contrario, el lote se rechazará.
       <br/>
<br/>
<div style=""width:768px;"">
<table>
<tr>
<td colspan=""1"" rowspan=""1"" style=""width:271px;height:89px;text-align:center"">
<b>
            TAMAÑO DEL LOTE
           </b>
</td>
<td colspan=""1"" rowspan=""1"" style=""width:177px;text-align:center"">
<b>
            TAMAÑO DE LA MUESTRA
           </b>
</td>
<td colspan=""1"" rowspan=""1"" style=""width:158px;text-align:center"">
<b>
            NUMERO PERMITIDO DE DEFECTUOSOS
           </b>
</td>
<td colspan=""1"" rowspan=""1"" style=""width:162px;text-align:center"">
<b>
            NUMERO DEFECTUOSOS PARA RECHAZO
           </b>
</td>
</tr>
<tr>
<td colspan=""1"" rowspan=""1"" style=""height:20px;text-align:center"">
           2  a           8
          </td>
<td colspan=""1"" rowspan=""1"" style=""text-align:center"">
           A  =   2
          </td>
<td colspan=""1"" rowspan=""1"" style=""text-align:center"">
           0
          </td>
<td colspan=""1"" rowspan=""1"" style=""text-align:center"">
           1
          </td>
</tr>
<tr>
<td colspan=""1"" rowspan=""1"" style=""height:20px;text-align:center"">
           9  a         15
          </td>
<td colspan=""1"" rowspan=""1"" style=""text-align:center"">
           B  =   3
          </td>
<td colspan=""1"" rowspan=""1"" style=""text-align:center"">
           0
          </td>
<td colspan=""1"" rowspan=""1"" style=""text-align:center"">
           1
          </td>
</tr>
<tr>
<td colspan=""1"" rowspan=""1"" style=""height:20px;text-align:center"">
           16  a         25
          </td>
<td colspan=""1"" rowspan=""1"" style=""text-align:center"">
           C  =   5
          </td>
<td colspan=""1"" rowspan=""1"" style=""text-align:center"">
           0
          </td>
<td colspan=""1"" rowspan=""1"" style=""text-align:center"">
           1
          </td>
</tr>
<tr>
<td colspan=""1"" rowspan=""1"" style=""height:20px;text-align:center"">
           26  a         50
          </td>
<td colspan=""1"" rowspan=""1"" style=""text-align:center"">
           D  =   8
          </td>
<td colspan=""1"" rowspan=""1"" style=""text-align:center"">
           1
          </td>
<td colspan=""1"" rowspan=""1"" style=""text-align:center"">
           2
          </td>
</tr>
<tr>
<td colspan=""1"" rowspan=""1"" style=""height:20px;text-align:center"">
           51  a         90
          </td>
<td colspan=""1"" rowspan=""1"" style=""text-align:center"">
           E  = 13
          </td>
<td colspan=""1"" rowspan=""1"" style=""text-align:center"">
           1
          </td>
<td colspan=""1"" rowspan=""1"" style=""text-align:center"">
           2
          </td>
</tr>
<tr>
<td colspan=""1"" rowspan=""1"" style=""height:20px;text-align:center"">
           91  a       150
          </td>
<td colspan=""1"" rowspan=""1"" style=""text-align:center"">
           F  = 20
          </td>
<td colspan=""1"" rowspan=""1"" style=""text-align:center"">
           1
          </td>
<td colspan=""1"" rowspan=""1"" style=""text-align:center"">
           2
          </td>
</tr>
<tr>
<td colspan=""1"" rowspan=""1"" style=""height:20px;text-align:center"">
           151  a       280
          </td>
<td colspan=""1"" rowspan=""1"" style=""text-align:center"">
           G  = 32
          </td>
<td colspan=""1"" rowspan=""1"" style=""text-align:center"">
           2
          </td>
<td colspan=""1"" rowspan=""1"" style=""text-align:center"">
           3
          </td>
</tr>
<tr>
<td colspan=""1"" rowspan=""1"" style=""height:20px;text-align:center"">
           281  a       500
          </td>
<td colspan=""1"" rowspan=""1"" style=""text-align:center"">
           H  = 50
          </td>
<td colspan=""1"" rowspan=""1"" style=""text-align:center"">
           3
          </td>
<td colspan=""1"" rowspan=""1"" style=""text-align:center"">
           4
          </td>
</tr>
<tr>
<td colspan=""1"" rowspan=""1"" style=""height:20px;text-align:center"">
           501  a     1200
          </td>
<td colspan=""1"" rowspan=""1"" style=""text-align:center"">
           J  = 80
          </td>
<td colspan=""1"" rowspan=""1"" style=""text-align:center"">
           5
          </td>
<td colspan=""1"" rowspan=""1"" style=""text-align:center"">
           6
          </td>
</tr>
<tr>
<td colspan=""1"" rowspan=""1"" style=""height:20px;text-align:center"">
           1201  a     3200
          </td>
<td colspan=""1"" rowspan=""1"" style=""text-align:center"">
           K  = 125
          </td>
<td colspan=""1"" rowspan=""1"" style=""text-align:center"">
           7
          </td>
<td colspan=""1"" rowspan=""1"" style=""text-align:center"">
           8
          </td>
</tr>
<tr>
<td colspan=""1"" rowspan=""1"" style=""height:20px;text-align:center"">
           3201  a   10000
          </td>
<td colspan=""1"" rowspan=""1"" style=""text-align:center"">
           L  = 200
          </td>
<td colspan=""1"" rowspan=""1"" style=""text-align:center"">
           10
          </td>
<td colspan=""1"" rowspan=""1"" style=""text-align:center"">
           11
          </td>
</tr>
</table>
<br/>
</div>
<b>
        TABLA  1 PLAN DE MUESTREO PARA INSPECCION VISUAL Y DIMENSIONAL
       </b>
<br/>
       (NIVEL DE INSPECCION II,  NAC = 2,5%) (NORMA NTC-ISO 2859-1 TABLA1 - TABLA 2A)
       <br/>
<br/>
<br/>
<div style=""width:768px;"">
<table>
<tr>
<td colspan=""1"" rowspan=""1"" style=""width:271px;height:53px;text-align:center"">
<b>
            TAMAÑO DEL LOTE
           </b>
</td>
<td colspan=""1"" rowspan=""1"" style=""width:177px;text-align:center"">
<b>
            TAMAÑO DE LA MUESTRA
           </b>
</td>
<td colspan=""1"" rowspan=""1"" style=""width:158px;text-align:center"">
<b>
            NUMERO PERMITIDO DE DEFECTUOSOS
           </b>
</td>
<td colspan=""1"" rowspan=""1"" style=""width:162px;text-align:center"">
<b>
            NUMERO DEFECTUOSOS PARA RECHAZO
           </b>
</td>
</tr>
<tr>
<td colspan=""1"" rowspan=""1"" style=""height:20px;text-align:center"">
           2  a           8
          </td>
<td colspan=""1"" rowspan=""1"" style=""text-align:center"">
           A  =   2
          </td>
<td colspan=""1"" rowspan=""1"" style=""text-align:center"">
           0
          </td>
<td colspan=""1"" rowspan=""1"" style=""text-align:center"">
           1
          </td>
</tr>
<tr>
<td colspan=""1"" rowspan=""1"" style=""height:20px;text-align:center"">
           9  a         15
          </td>
<td colspan=""1"" rowspan=""1"" style=""text-align:center"">
           A  =   2
          </td>
<td colspan=""1"" rowspan=""1"" style=""text-align:center"">
           0
          </td>
<td colspan=""1"" rowspan=""1"" style=""text-align:center"">
           1
          </td>
</tr>
<tr>
<td colspan=""1"" rowspan=""1"" style=""height:20px;text-align:center"">
           16  a         25
          </td>
<td colspan=""1"" rowspan=""1"" style=""text-align:center"">
           B  =   3
          </td>
<td colspan=""1"" rowspan=""1"" style=""text-align:center"">
           0
          </td>
<td colspan=""1"" rowspan=""1"" style=""text-align:center"">
           1
          </td>
</tr>
<tr>
<td colspan=""1"" rowspan=""1"" style=""height:20px;text-align:center"">
           26  a         50
          </td>
<td colspan=""1"" rowspan=""1"" style=""text-align:center"">
           B  =   3
          </td>
<td colspan=""1"" rowspan=""1"" style=""text-align:center"">
           0
          </td>
<td colspan=""1"" rowspan=""1"" style=""text-align:center"">
           1
          </td>
</tr>
<tr>
<td colspan=""1"" rowspan=""1"" style=""height:20px;text-align:center"">
           51  a         90
          </td>
<td colspan=""1"" rowspan=""1"" style=""text-align:center"">
           C  =   5
          </td>
<td colspan=""1"" rowspan=""1"" style=""text-align:center"">
           1
          </td>
<td colspan=""1"" rowspan=""1"" style=""text-align:center"">
           2
          </td>
</tr>
<tr>
<td colspan=""1"" rowspan=""1"" style=""height:20px;text-align:center"">
           91  a       150
          </td>
<td colspan=""1"" rowspan=""1"" style=""text-align:center"">
           C  =   5
          </td>
<td colspan=""1"" rowspan=""1"" style=""text-align:center"">
           1
          </td>
<td colspan=""1"" rowspan=""1"" style=""text-align:center"">
           2
          </td>
</tr>
<tr>
<td colspan=""1"" rowspan=""1"" style=""height:20px;text-align:center"">
           151  a       280
          </td>
<td colspan=""1"" rowspan=""1"" style=""text-align:center"">
           D  =   8
          </td>
<td colspan=""1"" rowspan=""1"" style=""text-align:center"">
           1
          </td>
<td colspan=""1"" rowspan=""1"" style=""text-align:center"">
           2
          </td>
</tr>
<tr>
<td colspan=""1"" rowspan=""1"" style=""height:20px;text-align:center"">
           281  a       500
          </td>
<td colspan=""1"" rowspan=""1"" style=""text-align:center"">
           D  =   8
          </td>
<td colspan=""1"" rowspan=""1"" style=""text-align:center"">
           1
          </td>
<td colspan=""1"" rowspan=""1"" style=""text-align:center"">
           2
          </td>
</tr>
<tr>
<td colspan=""1"" rowspan=""1"" style=""height:20px;text-align:center"">
           501  a     1200
          </td>
<td colspan=""1"" rowspan=""1"" style=""text-align:center"">
           E  = 13
          </td>
<td colspan=""1"" rowspan=""1"" style=""text-align:center"">
           1
          </td>
<td colspan=""1"" rowspan=""1"" style=""text-align:center"">
           2
          </td>
</tr>
<tr>
<td colspan=""1"" rowspan=""1"" style=""height:20px;text-align:center"">
           1201  a     3200
          </td>
<td colspan=""1"" rowspan=""1"" style=""text-align:center"">
           E  = 13
          </td>
<td colspan=""1"" rowspan=""1"" style=""text-align:center"">
           1
          </td>
<td colspan=""1"" rowspan=""1"" style=""text-align:center"">
           2
          </td>
</tr>
<tr>
<td colspan=""1"" rowspan=""1"" style=""height:20px;text-align:center"">
           3201  a   10000
          </td>
<td colspan=""1"" rowspan=""1"" style=""text-align:center"">
           F  = 20
          </td>
<td colspan=""1"" rowspan=""1"" style=""text-align:center"">
           1
          </td>
<td colspan=""1"" rowspan=""1"" style=""text-align:center"">
           2
          </td>
</tr>
</table>
<br/>
</div>
<b>
        TABLA 2  PLAN DE MUESTREO PARA LOS ENSAYOS MECANICOS
       </b>
<br/>
       (NIVEL DE INSPECCION ESPECIAL  S-3,  NAC = 2,5%) (NORMA NTC-ISO 2859-1 TABLA1 - TABLA 2A)
       <br/>
<br/>
       ENEL COLOMBIA se reserva el derecho de descartar las propuestas que no ofrezcan pruebas o si las ofrecidas son consideradas insuficientes para garantizar la calidad de los proyectores.
       <br/>
<br/>
       Para efectuar cualquier despacho, es requisito indispensable una autorización escrita de ENEL COLOMBIA, la cual será expedida con base en los resultados de las pruebas realizadas en fábrica y/o la aprobación del protocolo de pruebas solicitadas realizadas por el fabricante a los proyectores.
       <br/>
<br/>
<h2 id=""heading_17"">
        8. PROTOCOLOS DE PRUEBA A SUMINISTRAR POR EL FABRICANTE
       </h2>
       El fabricante deberá remitir los protocolos de los ensayos realizados por un laboratorio acreditado ante la ONAC - Organismo de Certificación de Colombia, o un organismo internacional reconocido para la elaboración de pruebas eléctricas y fotométricas:
       <br/>
<br/>
<div style=""width:660px;"">
<table>
<tr>
<td colspan=""1"" rowspan=""1"" style=""width:361px;height:20px;text-align:center"">
<b>
            Ensayo
           </b>
</td>
<td colspan=""1"" rowspan=""1"" style=""width:299px;text-align:center"">
<b>
            Parámetros
           </b>
</td>
</tr>
<tr>
<td colspan=""1"" rowspan=""1"" style=""height:85px;"">
           Fotometría (IEC62722-1-2) (IESNA LM79)
          </td>
<td colspan=""1"" rowspan=""1"" style="""">
           Flujo luminoso.&lt;br /&gt;&lt;br /&gt;Vida útil.&lt;br /&gt;&lt;br /&gt;Eficacia.
          </td>
</tr>
<tr>
<td colspan=""1"" rowspan=""1"" style=""height:34px;"">
           Parámetros eléctricos. (IEC60598-1-2-3) (IESNA LM79)
          </td>
<td colspan=""1"" rowspan=""1"" style="""">
           Tensión nominal, corriente en línea, potencia nominal, factor de potencia.
          </td>
</tr>
<tr>
<td colspan=""1"" rowspan=""1"" style=""height:52px;"">
           Hermeticidad (IEC60598-1-2-3)
          </td>
<td colspan=""1"" rowspan=""1"" style="""">
           IP 54
          </td>
</tr>
<tr>
<td colspan=""1"" rowspan=""1"" style=""height:69px;"">
           Resistencia mecánica (IEC60598-1-2-3)
          </td>
<td colspan=""1"" rowspan=""1"" style="""">
           IK 08*
          </td>
</tr>
<tr>
<td colspan=""1"" rowspan=""1"" style=""height:20px;"">
           Aislamiento eléctrico (clase I o II) IEC 60598-1
          </td>
<td colspan=""1"" rowspan=""1"" style="""">
           Aislamiento
          </td>
</tr>
<tr>
<td colspan=""1"" rowspan=""1"" style=""height:51px;"">
           Resistencia y rigidez dieléctrica (IEC60598-1-2-3)
          </td>
<td colspan=""1"" rowspan=""1"" style="""">
           Resistencia&lt;br /&gt;&lt;br /&gt;Rigidez
          </td>
</tr>
<tr>
<td colspan=""1"" rowspan=""1"" style=""height:20px;"">
           Pruebas THD (IEC6100-3-2)
          </td>
<td colspan=""1"" rowspan=""1"" style="""">
           THD &lt; 10%
          </td>
</tr>
</table>
<br/>
</div>
<br/>
       ENEL COLOMBIA se reserva el derecho de solicitar protocolos adicionales y la validación de los protocolos presentados.
       <br/>
<br/>
<h2 id=""heading_18"">
        9.  MARCACIÓN Y EMPAQUE
       </h2>
<h3 id=""heading_19"">
        9.1 Marcación
       </h3>
       La marcación del proyector debe ir en una placa exterior metálica remachada (que no afecte el IP) o inyectada en el cuerpo del proyector, y deberá incluir la siguiente información:
       <br/>
<br/>
       •	Marca de fábrica
       <br/>
       •	Potencia
       <br/>
       •	Modelo y referencia
       <br/>
       •	Tensiones de conexión
       <br/>
       •	Mes y año de fabricación
       <br/>
       •	IP garantizado
       <br/>
       •	IK de la proyector
       <br/>
       •	Clase de aislamiento
       <br/>
       •	Precauciones y cuidados
       <br/>
       •	Garantía
       <br/>
       •	Palabra ENEL
       <br/>
       •	Número de serie
       <br/>
<br/>
       En cada proyector, se debe incluir en una parte visible, el diagrama de conexiones de los componentes internos. Dicho diagrama debe conservarse en el tiempo, ser indeleble y con una dimensión que permita su fácil observación y revisión.
       <br/>
<br/>
<h3 id=""heading_20"">
        9.2 Empaque
       </h3>
       Los bienes, objeto de la presente especificación técnica, deben ser empacados en forma individual, adecuadamente para resistir las condiciones de humedad e impacto que pueden presentarse durante el transporte desde fábrica hasta las bodegas de ENEL COLOMBIA. y durante su almacenamiento. En dicho empaque, deberá incluir la siguiente información:
       <br/>
<br/>
       •	Marca de fábrica
       <br/>
       •	Potencia
       <br/>
       •	Modelo y referencia
       <br/>
       •	Tensiones de conexión
       <br/>
       •	Mes y año de fabricación
       <br/>
       •	IP garantizado
       <br/>
       •	IK de la proyector
       <br/>
       •	Clase de aislamiento
       <br/>
       •	Precauciones y cuidados
       <br/>
       •	Garantía
       <br/>
       •	Palabra ENEL
       <br/>
       •	Número de serie
       <br/>
       •	Código SAP
       <br/>
<br/>
<h2 id=""heading_21"">
        10. REQUISITOS DE LAS OFERTAS
       </h2>
       El Oferente obligatoriamente deberá incluir con su propuesta, la siguiente información:
       <br/>
<br/>
       •	Planilla de características técnicas garantizadas, la cual deberá ser diligenciada completamente, firmada y sellada por el oferente. Se debe incluir copia en formato Excel que permita la lectura y extracción de la información tanto para la planilla de características como para cualquier otra que se indique en los requisitos de la oferta.
       <br/>
<br/>
       •	Catálogos originales completos, actualizados y en idioma español del fabricante, que correspondan a los bienes cotizados, en la planilla de características técnicas garantizadas.
       <br/>
<br/>
       •	Para los componentes del proyector, el oferente debe presentar también los catálogos originales completos, actualizados y en idioma español del fabricante de la bombilla de halógena, fuente alimentación, refrigeración.
       <br/>
<br/>
       •	Protocolos de pruebas de acuerdo con las normas indicadas en la presente especificación. En tales protocolos se deberán anotar las fechas de fabricación y pruebas del equipo, para permitir la verificación de las características técnicas garantizadas.
       <br/>
<br/>
       •	Para los componentes del proyector, el oferente debe presentar también, los protocolos de pruebas correspondientes, que permitan verificar las características técnicas garantizadas de la bombilla de halógena, fuente alimentación, refrigeración.
       <br/>
<br/>
       •	Muestras de cada una de las referencias ofertadas sin cargo a devolución, con cada una de las características técnicas, solicitadas y mencionadas en la presente especificación. Para los oferentes que cumplan técnicamente.
       <br/>
<br/>
       •	Registro fotográfico de alta calidad del proyector en sus cuatro vistas exteriores e interiores superior, inferior y laterales.
       <br/>
<br/>
       •	Información adicional que considere aporta explicación a su diseño (dibujos, detalles, características de operación, dimensiones y pesos de los materiales ofertados).
       <br/>
<br/>
       •	ENEL COLOMBIA podrá descartar ofertas que no cumplan con las anteriores disposiciones, sin expresión de causa ni obligación de compensación.
       <br/>
<br/>
       •	Todos los planos y/o dibujos indicativos del proyector entregados en la oferta deben incluir una copia en formato PDF.
       <br/>
<br/>
<h2 id=""heading_22"">
        11.  GARANTÍA DE FÁBRICA
       </h2>
       ENEL COLOMBIA requiere como mínimo, un período de garantía de fábrica de treinta seis (36) meses, a partir de la entrega de los proyectores.
       <br/>
<br/>
       El fabricante de los proyectores garantizará el suministro del proyector completo, para efectos de reposición y/o mantenimiento, durante un período igual al de la vida útil manifestada por el fabricante, contado a partir del momento del suministro de los proyectores.
       <br/>
<br/>
<h2 id=""heading_23"">
        12.  INSPECCIÓN DE LAS MUESTRAS
       </h2>
       El proveedor enviará con las muestras que se soliciten para evaluación el formato de protocolos de pruebas y copia de las normas en inglés y/o español utilizadas para tal fin. ENEL COLOMBIA informará por escrito su conformidad con las pruebas requeridas.
       <br/>
<br/>
       Igualmente, el proveedor acompañará cada una de las entregas de proyectores con los protocolos de pruebas y copia de las normas en inglés y/o español utilizadas para tal fin. ENEL COLOMBIA informará por escrito su conformidad con las pruebas requeridas.
       <br/>
<br/>
       El ingeniero responsable de ENEL COLOMBIA podrá inspeccionar en las instalaciones del proveedor o fabricante y solicitar la información y ensayos que a su juicio resulten necesarias para verificar el cumplimiento de los requisitos estipulados en este documento. El proveedor debe brindar plena colaboración al responsable en el cumplimiento de sus funciones. El costo de las pruebas que soliciten estará a cargo del proveedor.
       <br/>
<br/>
<h2 id=""heading_24"">
        13.  SISTEMA DE CALIDAD
       </h2>
<br/>
       El oferente adjuntará con su propuesta su certificado del sistema de calidad ISO 9001. Adicionalmente el certificado de conformidad de producto con norma técnica y RETILAP expedido por una entidad autorizada por la ONAC - Organismo Nacional de Acreditación de Colombia.
       <br/>
<br/>
<h2 id=""heading_25"">
        14. PLANILLAS DE CARACTERÍSTICAS TÉCNICAS
       </h2>
       El oferente deberá presentarlas en su oferta técnica diligenciadas en formato Excel por cada referencia.
       <br/>
<br/>
<h2 id=""heading_26"">
        ANEXO 1. PROYECTORES CON BOMBILLA HALÓGENA PARA VIDEO MAPPING PLANILLA DE CARACTERÍSTICAS TÉCNICAS GARANTIZADAS
       </h2>
<div style=""width:760px;"">
<table>
<tr>
<td colspan=""6"" rowspan=""1"" style=""width:760px;height:20px;text-align:center"">
<b>
            CARACTERÍSTICAS GENERALES DEL PROYECTOR CON BOMBILLA HALÓGENA PARA VIDEO MAPPING
           </b>
</td>
</tr>
<tr>
<td colspan=""1"" rowspan=""1"" style=""height:20px;text-align:center"">
<b>
            ITEM
           </b>
</td>
<td colspan=""3"" rowspan=""1"" style=""text-align:center"">
<b>
            DESCRIPCIÓN
           </b>
</td>
<td colspan=""1"" rowspan=""1"" style=""text-align:center"">
<b>
            EXIGIDO
           </b>
</td>
<td colspan=""1"" rowspan=""1"" style=""text-align:center"">
<b>
            OFRECIDO
           </b>
</td>
</tr>
<tr>
<td colspan=""1"" rowspan=""1"" style=""height:20px;text-align:center"">
           1
          </td>
<td colspan=""3"" rowspan=""1"" style="""">
           Fabricante
          </td>
<td colspan=""1"" rowspan=""1"" style=""text-align:center"">
           (*)
          </td>
<td colspan=""1"" rowspan=""1"" style="""">
</td>
</tr>
<tr>
<td colspan=""1"" rowspan=""1"" style=""height:20px;text-align:center"">
           2
          </td>
<td colspan=""3"" rowspan=""1"" style="""">
           País de origen
          </td>
<td colspan=""1"" rowspan=""1"" style=""text-align:center"">
           (*)
          </td>
<td colspan=""1"" rowspan=""1"" style="""">
</td>
</tr>
<tr>
<td colspan=""1"" rowspan=""1"" style=""height:20px;text-align:center"">
           3
          </td>
<td colspan=""3"" rowspan=""1"" style="""">
           Referencia
          </td>
<td colspan=""1"" rowspan=""1"" style=""text-align:center"">
           (*)
          </td>
<td colspan=""1"" rowspan=""1"" style="""">
</td>
</tr>
<tr>
<td colspan=""1"" rowspan=""1"" style=""height:34px;text-align:center"">
           4
          </td>
<td colspan=""3"" rowspan=""1"" style="""">
           Voltaje nominal de alimentación del proyector  (V)
          </td>
<td colspan=""1"" rowspan=""1"" style=""text-align:center"">
           120V A 277V +5% -10%
          </td>
<td colspan=""1"" rowspan=""1"" style="""">
</td>
</tr>
<tr>
<td colspan=""1"" rowspan=""1"" style=""height:20px;text-align:center"">
           5
          </td>
<td colspan=""3"" rowspan=""1"" style="""">
           Potencia total de la proyector  (W) (incluyendo las pérdidas)
          </td>
<td colspan=""1"" rowspan=""1"" style=""text-align:center"">
           (*)
          </td>
<td colspan=""1"" rowspan=""1"" style="""">
</td>
</tr>
<tr>
<td colspan=""1"" rowspan=""1"" style=""height:20px;text-align:center"">
           6
          </td>
<td colspan=""3"" rowspan=""1"" style="""">
           Factor de Potencia
          </td>
<td colspan=""1"" rowspan=""1"" style=""text-align:center"">
           0.95
          </td>
<td colspan=""1"" rowspan=""1"" style="""">
</td>
</tr>
<tr>
<td colspan=""1"" rowspan=""1"" style=""height:20px;text-align:center"">
           7
          </td>
<td colspan=""3"" rowspan=""1"" style="""">
           Frecuencia (Hz)
          </td>
<td colspan=""1"" rowspan=""1"" style=""text-align:center"">
           60 Hz
          </td>
<td colspan=""1"" rowspan=""1"" style="""">
</td>
</tr>
<tr>
<td colspan=""1"" rowspan=""1"" style=""height:20px;text-align:center"">
           8
          </td>
<td colspan=""3"" rowspan=""1"" style="""">
           THD máximo de Corriente a voltaje nominal (%)
          </td>
<td colspan=""1"" rowspan=""1"" style=""text-align:center"">
           = 10%
          </td>
<td colspan=""1"" rowspan=""1"" style="""">
</td>
</tr>
<tr>
<td colspan=""1"" rowspan=""1"" style=""height:20px;text-align:center"">
           9
          </td>
<td colspan=""3"" rowspan=""1"" style="""">
           Clase Aislamiento del proyector
          </td>
<td colspan=""1"" rowspan=""1"" style=""text-align:center"">
           Clase I
          </td>
<td colspan=""1"" rowspan=""1"" style="""">
</td>
</tr>
<tr>
<td colspan=""1"" rowspan=""1"" style=""height:20px;text-align:center"">
           10
          </td>
<td colspan=""3"" rowspan=""1"" style="""">
           Clase Aislamiento del proyector
          </td>
<td colspan=""1"" rowspan=""1"" style=""text-align:center"">
           Clase II
          </td>
<td colspan=""1"" rowspan=""1"" style="""">
</td>
</tr>
<tr>
<td colspan=""1"" rowspan=""1"" style=""height:20px;text-align:center"">
           11
          </td>
<td colspan=""3"" rowspan=""1"" style="""">
           Suministra elemento de fijación apto para instalación en poste
          </td>
<td colspan=""1"" rowspan=""1"" style=""text-align:center"">
           SI/NO
          </td>
<td colspan=""1"" rowspan=""1"" style="""">
</td>
</tr>
<tr>
<td colspan=""1"" rowspan=""1"" style=""height:20px;text-align:center"">
           12
          </td>
<td colspan=""3"" rowspan=""1"" style="""">
           Posee graduación vertical y horizontal
          </td>
<td colspan=""1"" rowspan=""1"" style=""text-align:center"">
           SI/NO
          </td>
<td colspan=""1"" rowspan=""1"" style="""">
</td>
</tr>
<tr>
<td colspan=""1"" rowspan=""1"" style=""height:20px;text-align:center"">
           13
          </td>
<td colspan=""3"" rowspan=""1"" style="""">
           Posee sistema antivandálico. Describir detalladamente
          </td>
<td colspan=""1"" rowspan=""1"" style=""text-align:center"">
           SI/NO
          </td>
<td colspan=""1"" rowspan=""1"" style="""">
</td>
</tr>
<tr>
<td colspan=""1"" rowspan=""1"" style=""height:20px;text-align:center"">
           14
          </td>
<td colspan=""3"" rowspan=""1"" style="""">
           Referencia bombilla halógena a utilizar
          </td>
<td colspan=""1"" rowspan=""1"" style=""text-align:center"">
           (*)
          </td>
<td colspan=""1"" rowspan=""1"" style="""">
</td>
</tr>
<tr>
<td colspan=""1"" rowspan=""1"" style=""height:20px;text-align:center"">
           15
          </td>
<td colspan=""3"" rowspan=""1"" style="""">
           Sistema que marcación permanente de la posición de inclinación.
          </td>
<td colspan=""1"" rowspan=""1"" style=""text-align:center"">
           SI/NO
          </td>
<td colspan=""1"" rowspan=""1"" style="""">
</td>
</tr>
<tr>
<td colspan=""1"" rowspan=""4"" style=""height:51px;text-align:center"">
           16
          </td>
<td colspan=""2"" rowspan=""4"" style="""">
           Flujo Luminoso del proyector
          </td>
<td colspan=""1"" rowspan=""1"" style="""">
           Flujo Luminoso total
          </td>
<td colspan=""1"" rowspan=""1"" style=""text-align:center"">
           (*)
          </td>
<td colspan=""1"" rowspan=""1"" style="""">
</td>
</tr>
<tr>
<td colspan=""1"" rowspan=""1"" style=""height:20px;"">
           Potencia
          </td>
<td colspan=""1"" rowspan=""1"" style=""text-align:center"">
           (*)
          </td>
<td colspan=""1"" rowspan=""1"" style="""">
</td>
</tr>
<tr>
<td colspan=""1"" rowspan=""1"" style=""height:34px;"">
           Clase de aislamiento
          </td>
<td colspan=""1"" rowspan=""1"" style=""text-align:center"">
           (*)
          </td>
<td colspan=""1"" rowspan=""1"" style="""">
</td>
</tr>
<tr>
<td colspan=""1"" rowspan=""1"" style=""height:34px;"">
           Tensión Fase-Neutro
          </td>
<td colspan=""1"" rowspan=""1"" style=""text-align:center"">
           (*)
          </td>
<td colspan=""1"" rowspan=""1"" style="""">
</td>
</tr>
<tr>
<td colspan=""1"" rowspan=""6"" style=""height:20px;text-align:center"">
           17
          </td>
<td colspan=""1"" rowspan=""6"" style="""">
           Flujo Luminoso de la lampara o bombilla
          </td>
<td colspan=""2"" rowspan=""1"" style="""">
           Flujo Luminoso total bombilla
          </td>
<td colspan=""1"" rowspan=""1"" style=""text-align:center"">
           (*)
          </td>
<td colspan=""1"" rowspan=""1"" style="""">
</td>
</tr>
<tr>
<td colspan=""2"" rowspan=""1"" style=""height:20px;"">
           Potencia bombilla
          </td>
<td colspan=""1"" rowspan=""1"" style=""text-align:center"">
           (*)
          </td>
<td colspan=""1"" rowspan=""1"" style="""">
</td>
</tr>
<tr>
<td colspan=""2"" rowspan=""1"" style=""height:20px;"">
           Eficacia bombilla
          </td>
<td colspan=""1"" rowspan=""1"" style=""text-align:center"">
           = 75 lm/W
          </td>
<td colspan=""1"" rowspan=""1"" style="""">
</td>
</tr>
<tr>
<td colspan=""2"" rowspan=""1"" style=""height:20px;"">
           Tipo de conexión bombilla
          </td>
<td colspan=""1"" rowspan=""1"" style=""text-align:center"">
           PGJX28
          </td>
<td colspan=""1"" rowspan=""1"" style="""">
</td>
</tr>
<tr>
<td colspan=""2"" rowspan=""1"" style=""height:20px;"">
           Fabricante de la bombilla
          </td>
<td colspan=""1"" rowspan=""1"" style=""text-align:center"">
           (*)
          </td>
<td colspan=""1"" rowspan=""1"" style="""">
</td>
</tr>
<tr>
<td colspan=""2"" rowspan=""1"" style=""height:20px;"">
           Referencia de la bombilla
          </td>
<td colspan=""1"" rowspan=""1"" style=""text-align:center"">
           (*)
          </td>
<td colspan=""1"" rowspan=""1"" style="""">
</td>
</tr>
<tr>
<td colspan=""1"" rowspan=""3"" style=""height:20px;text-align:center"">
           18
          </td>
<td colspan=""1"" rowspan=""3"" style="""">
           Cuerpo del proyector
          </td>
<td colspan=""2"" rowspan=""1"" style="""">
           Material
          </td>
<td colspan=""1"" rowspan=""1"" style=""text-align:center"">
           (*)
          </td>
<td colspan=""1"" rowspan=""1"" style="""">
</td>
</tr>
<tr>
<td colspan=""2"" rowspan=""1"" style=""height:20px;"">
           Color
          </td>
<td colspan=""1"" rowspan=""1"" style=""text-align:center"">
           GRIS RAL 7004
          </td>
<td colspan=""1"" rowspan=""1"" style="""">
</td>
</tr>
<tr>
<td colspan=""2"" rowspan=""1"" style=""height:51px;"">
           Espesor mínimo de la carcasa [mm]
          </td>
<td colspan=""1"" rowspan=""1"" style=""text-align:center"">
           (*)
          </td>
<td colspan=""1"" rowspan=""1"" style="""">
</td>
</tr>
<tr>
<td colspan=""1"" rowspan=""3"" style=""height:20px;text-align:center"">
           19
          </td>
<td colspan=""1"" rowspan=""3"" style="""">
           Grado de protección
          </td>
<td colspan=""2"" rowspan=""1"" style="""">
           Compartimento eléctrico (IP)
          </td>
<td colspan=""1"" rowspan=""1"" style=""text-align:center"">
           =54
          </td>
<td colspan=""1"" rowspan=""1"" style="""">
</td>
</tr>
<tr>
<td colspan=""2"" rowspan=""1"" style=""height:20px;"">
           Compartimento óptico (IP)
          </td>
<td colspan=""1"" rowspan=""1"" style=""text-align:center"">
           =65
          </td>
<td colspan=""1"" rowspan=""1"" style="""">
</td>
</tr>
<tr>
<td colspan=""2"" rowspan=""1"" style=""height:20px;"">
           Carcasa (IK)
          </td>
<td colspan=""1"" rowspan=""1"" style=""text-align:center"">
           (*)
          </td>
<td colspan=""1"" rowspan=""1"" style="""">
</td>
</tr>
<tr>
<td colspan=""1"" rowspan=""3"" style=""height:20px;text-align:center"">
           20
          </td>
<td colspan=""1"" rowspan=""3"" style="""">
           Accesorios Incorporados (marca y tipo)
          </td>
<td colspan=""2"" rowspan=""1"" style="""">
           Fuente de alimentación
          </td>
<td colspan=""1"" rowspan=""1"" style=""text-align:center"">
           SI/NO
          </td>
<td colspan=""1"" rowspan=""1"" style="""">
</td>
</tr>
<tr>
<td colspan=""2"" rowspan=""1"" style=""height:20px;"">
           Bornera de alimentación
          </td>
<td colspan=""1"" rowspan=""1"" style=""text-align:center"">
           SI/NO
          </td>
<td colspan=""1"" rowspan=""1"" style="""">
</td>
</tr>
<tr>
<td colspan=""2"" rowspan=""1"" style=""height:20px;"">
           Accesorio de fijación al soporte
          </td>
<td colspan=""1"" rowspan=""1"" style=""text-align:center"">
           SI/NO
          </td>
<td colspan=""1"" rowspan=""1"" style="""">
</td>
</tr>
<tr>
<td colspan=""1"" rowspan=""1"" style=""height:20px;text-align:center"">
           21
          </td>
<td colspan=""3"" rowspan=""1"" style="""">
           Referencia de la fuente de alimentación
          </td>
<td colspan=""1"" rowspan=""1"" style=""text-align:center"">
           (*)
          </td>
<td colspan=""1"" rowspan=""1"" style="""">
</td>
</tr>
<tr>
<td colspan=""1"" rowspan=""1"" style=""height:20px;text-align:center"">
           22
          </td>
<td colspan=""3"" rowspan=""1"" style="""">
           Peso del proyector  [kg]
          </td>
<td colspan=""1"" rowspan=""1"" style=""text-align:center"">
           = 35 kg
          </td>
<td colspan=""1"" rowspan=""1"" style="""">
</td>
</tr>
<tr>
<td colspan=""1"" rowspan=""1"" style=""height:20px;text-align:center"">
           23
          </td>
<td colspan=""3"" rowspan=""1"" style="""">
           Dimensiones del proyector
          </td>
<td colspan=""1"" rowspan=""1"" style=""text-align:center"">
           (*)
          </td>
<td colspan=""1"" rowspan=""1"" style="""">
</td>
</tr>
<tr>
<td colspan=""1"" rowspan=""8"" style=""height:20px;text-align:center"">
           24
          </td>
<td colspan=""1"" rowspan=""8"" style="""">
           Características Ópticas del proyector
          </td>
<td colspan=""2"" rowspan=""1"" style="""">
           Temperatura de color [K]
          </td>
<td colspan=""1"" rowspan=""1"" style=""text-align:center"">
           (*)
          </td>
<td colspan=""1"" rowspan=""1"" style="""">
</td>
</tr>
<tr>
<td colspan=""2"" rowspan=""1"" style=""height:20px;"">
           Resolución (mínimo 2K)
          </td>
<td colspan=""1"" rowspan=""1"" style=""text-align:center"">
           (*)
          </td>
<td colspan=""1"" rowspan=""1"" style="""">
</td>
</tr>
<tr>
<td colspan=""2"" rowspan=""1"" style=""height:20px;"">
           Relación de Proyección (throw ratio)
          </td>
<td colspan=""1"" rowspan=""1"" style=""text-align:center"">
           (*)
          </td>
<td colspan=""1"" rowspan=""1"" style="""">
</td>
</tr>
<tr>
<td colspan=""2"" rowspan=""2"" style=""height:20px;"">
           Coordenada cromática (CIE 1931)
          </td>
<td colspan=""1"" rowspan=""1"" style=""text-align:center"">
           X (*)
          </td>
<td colspan=""1"" rowspan=""1"" style="""">
</td>
</tr>
<tr>
<td colspan=""1"" rowspan=""1"" style=""height:20px;text-align:center"">
           Y (*)
          </td>
<td colspan=""1"" rowspan=""1"" style="""">
</td>
</tr>
<tr>
<td colspan=""2"" rowspan=""1"" style=""height:20px;"">
           Eficacia mínima [lm/W]
          </td>
<td colspan=""1"" rowspan=""1"" style=""text-align:center"">
           = 75 lm/W
          </td>
<td colspan=""1"" rowspan=""1"" style="""">
</td>
</tr>
<tr>
<td colspan=""2"" rowspan=""1"" style=""height:68px;"">
           Vida útil de la bombilla o lampara debe ser = de 750 horas con ensayo de un ente certificado internacionalmente.
          </td>
<td colspan=""1"" rowspan=""1"" style=""text-align:center"">
           = 750 horas
          </td>
<td colspan=""1"" rowspan=""1"" style="""">
</td>
</tr>
<tr>
<td colspan=""2"" rowspan=""1"" style=""height:20px;"">
           IRC [%]
          </td>
<td colspan=""1"" rowspan=""1"" style=""text-align:center"">
           = 75%
          </td>
<td colspan=""1"" rowspan=""1"" style="""">
</td>
</tr>
<tr>
<td colspan=""1"" rowspan=""1"" style=""height:20px;text-align:center"">
           25
          </td>
<td colspan=""1"" rowspan=""1"" style="""">
           Fotometría
          </td>
<td colspan=""2"" rowspan=""1"" style="""">
           Nombre Archivo (.IES )
          </td>
<td colspan=""1"" rowspan=""1"" style=""text-align:center"">
           (*)
          </td>
<td colspan=""1"" rowspan=""1"" style="""">
</td>
</tr>
<tr>
<td colspan=""1"" rowspan=""2"" style=""height:20px;text-align:center"">
           26
          </td>
<td colspan=""1"" rowspan=""2"" style="""">
           Temperatura máxima externa de funcionamiento [°C]
          </td>
<td colspan=""2"" rowspan=""1"" style="""">
           Fuente de alimentación
          </td>
<td colspan=""1"" rowspan=""1"" style=""text-align:center"">
           (*)
          </td>
<td colspan=""1"" rowspan=""1"" style="""">
</td>
</tr>
<tr>
<td colspan=""2"" rowspan=""1"" style=""height:20px;"">
           Carcasa del proyector
          </td>
<td colspan=""1"" rowspan=""1"" style=""text-align:center"">
           (*)
          </td>
<td colspan=""1"" rowspan=""1"" style="""">
</td>
</tr>
<tr>
<td colspan=""1"" rowspan=""1"" style=""height:20px;text-align:center"">
           27
          </td>
<td colspan=""3"" rowspan=""1"" style="""">
           Referencia del kit de cableado (datos y alimentación)
          </td>
<td colspan=""1"" rowspan=""1"" style=""text-align:center"">
           (*)
          </td>
<td colspan=""1"" rowspan=""1"" style="""">
</td>
</tr>
<tr>
<td colspan=""1"" rowspan=""1"" style=""height:20px;text-align:center"">
           28
          </td>
<td colspan=""3"" rowspan=""1"" style="""">
           Dimensiones de la caja para transporte mm x mm x mm
          </td>
<td colspan=""1"" rowspan=""1"" style=""text-align:center"">
           (*)
          </td>
<td colspan=""1"" rowspan=""1"" style="""">
</td>
</tr>
<tr>
<td colspan=""1"" rowspan=""1"" style=""height:34px;text-align:center"">
           29
          </td>
<td colspan=""1"" rowspan=""1"" style="""">
           Conexiones Internas
          </td>
<td colspan=""2"" rowspan=""1"" style="""">
           Bornera de alimentación debidamente rotulada
          </td>
<td colspan=""1"" rowspan=""1"" style=""text-align:center"">
           SI/NO
          </td>
<td colspan=""1"" rowspan=""1"" style="""">
</td>
</tr>
<tr>
<td colspan=""1"" rowspan=""5"" style=""height:20px;text-align:center"">
           30
          </td>
<td colspan=""1"" rowspan=""5"" style="""">
           Certificación de producto
          </td>
<td colspan=""2"" rowspan=""1"" style="""">
           Entidad acreditadora
          </td>
<td colspan=""1"" rowspan=""1"" style=""text-align:center"">
           (*)
          </td>
<td colspan=""1"" rowspan=""1"" style="""">
</td>
</tr>
<tr>
<td colspan=""2"" rowspan=""1"" style=""height:20px;"">
           Número de acreditación
          </td>
<td colspan=""1"" rowspan=""1"" style=""text-align:center"">
           (*)
          </td>
<td colspan=""1"" rowspan=""1"" style="""">
</td>
</tr>
<tr>
<td colspan=""2"" rowspan=""1"" style=""height:43px;"">
           Fecha de aprobación (Día/Mes/Año)
          </td>
<td colspan=""1"" rowspan=""1"" style=""text-align:center"">
           (*)
          </td>
<td colspan=""1"" rowspan=""1"" style="""">
</td>
</tr>
<tr>
<td colspan=""2"" rowspan=""1"" style=""height:20px;"">
           Vigencia
          </td>
<td colspan=""1"" rowspan=""1"" style=""text-align:center"">
           (*)
          </td>
<td colspan=""1"" rowspan=""1"" style="""">
</td>
</tr>
<tr>
<td colspan=""2"" rowspan=""1"" style=""height:20px;"">
           Adjunta el certificado (Si/No)
          </td>
<td colspan=""1"" rowspan=""1"" style=""text-align:center"">
           SI
          </td>
<td colspan=""1"" rowspan=""1"" style="""">
</td>
</tr>
<tr>
<td colspan=""1"" rowspan=""5"" style=""height:20px;text-align:center"">
           31
          </td>
<td colspan=""1"" rowspan=""5"" style="""">
           Sistema de calidad ISO 9001 o ISO 9002 del Fabricante
          </td>
<td colspan=""2"" rowspan=""1"" style="""">
           Entidad acreditadora
          </td>
<td colspan=""1"" rowspan=""1"" style=""text-align:center"">
           (*)
          </td>
<td colspan=""1"" rowspan=""1"" style="""">
</td>
</tr>
<tr>
<td colspan=""2"" rowspan=""1"" style=""height:20px;"">
           Número de acreditación
          </td>
<td colspan=""1"" rowspan=""1"" style=""text-align:center"">
           (*)
          </td>
<td colspan=""1"" rowspan=""1"" style="""">
</td>
</tr>
<tr>
<td colspan=""2"" rowspan=""1"" style=""height:39px;"">
           Fecha de aprobación (Día/Mes/Año)
          </td>
<td colspan=""1"" rowspan=""1"" style=""text-align:center"">
           (*)
          </td>
<td colspan=""1"" rowspan=""1"" style="""">
</td>
</tr>
<tr>
<td colspan=""2"" rowspan=""1"" style=""height:20px;"">
           Vigencia
          </td>
<td colspan=""1"" rowspan=""1"" style=""text-align:center"">
           (*)
          </td>
<td colspan=""1"" rowspan=""1"" style="""">
</td>
</tr>
<tr>
<td colspan=""2"" rowspan=""1"" style=""height:20px;"">
           Adjunta el certificado (Si/No)
          </td>
<td colspan=""1"" rowspan=""1"" style=""text-align:center"">
           SI
          </td>
<td colspan=""1"" rowspan=""1"" style="""">
</td>
</tr>
<tr>
<td colspan=""1"" rowspan=""5"" style=""height:20px;text-align:center"">
           32
          </td>
<td colspan=""1"" rowspan=""5"" style="""">
           Sistema de calidad ISO 9001 del Proveedor
          </td>
<td colspan=""2"" rowspan=""1"" style="""">
           Entidad acreditadora
          </td>
<td colspan=""1"" rowspan=""1"" style=""text-align:center"">
           (*)
          </td>
<td colspan=""1"" rowspan=""1"" style="""">
</td>
</tr>
<tr>
<td colspan=""2"" rowspan=""1"" style=""height:20px;"">
           Número de acreditación
          </td>
<td colspan=""1"" rowspan=""1"" style=""text-align:center"">
           (*)
          </td>
<td colspan=""1"" rowspan=""1"" style="""">
</td>
</tr>
<tr>
<td colspan=""2"" rowspan=""1"" style=""height:38px;"">
           Fecha de aprobación (Día/Mes/Año)
          </td>
<td colspan=""1"" rowspan=""1"" style=""text-align:center"">
           (*)
          </td>
<td colspan=""1"" rowspan=""1"" style="""">
</td>
</tr>
<tr>
<td colspan=""2"" rowspan=""1"" style=""height:20px;"">
           Vigencia
          </td>
<td colspan=""1"" rowspan=""1"" style=""text-align:center"">
           (*)
          </td>
<td colspan=""1"" rowspan=""1"" style="""">
</td>
</tr>
<tr>
<td colspan=""2"" rowspan=""1"" style=""height:20px;"">
           Adjunta el certificado (Si/No)
          </td>
<td colspan=""1"" rowspan=""1"" style=""text-align:center"">
           (*)
          </td>
<td colspan=""1"" rowspan=""1"" style="""">
</td>
</tr>
<tr>
<td colspan=""1"" rowspan=""11"" style=""height:20px;text-align:center"">
           33
          </td>
<td colspan=""1"" rowspan=""11"" style="""">
           Marcación (Contestar Si/No según corresponda)
          </td>
<td colspan=""2"" rowspan=""1"" style="""">
           Nombre de Fabricante
          </td>
<td colspan=""1"" rowspan=""1"" style=""text-align:center"">
           SI
          </td>
<td colspan=""1"" rowspan=""1"" style="""">
</td>
</tr>
<tr>
<td colspan=""2"" rowspan=""1"" style=""height:20px;"">
           Potencia
          </td>
<td colspan=""1"" rowspan=""1"" style=""text-align:center"">
           SI
          </td>
<td colspan=""1"" rowspan=""1"" style="""">
</td>
</tr>
<tr>
<td colspan=""2"" rowspan=""1"" style=""height:20px;"">
           Modelo y referencia
          </td>
<td colspan=""1"" rowspan=""1"" style=""text-align:center"">
           SI
          </td>
<td colspan=""1"" rowspan=""1"" style="""">
</td>
</tr>
<tr>
<td colspan=""2"" rowspan=""1"" style=""height:20px;"">
           Tensión de conexión
          </td>
<td colspan=""1"" rowspan=""1"" style=""text-align:center"">
           SI
          </td>
<td colspan=""1"" rowspan=""1"" style="""">
</td>
</tr>
<tr>
<td colspan=""2"" rowspan=""1"" style=""height:20px;"">
           Mes y año de fabricación
          </td>
<td colspan=""1"" rowspan=""1"" style=""text-align:center"">
           SI
          </td>
<td colspan=""1"" rowspan=""1"" style="""">
</td>
</tr>
<tr>
<td colspan=""2"" rowspan=""1"" style=""height:20px;"">
           IP
          </td>
<td colspan=""1"" rowspan=""1"" style=""text-align:center"">
           SI
          </td>
<td colspan=""1"" rowspan=""1"" style="""">
</td>
</tr>
<tr>
<td colspan=""2"" rowspan=""1"" style=""height:20px;"">
           IK
          </td>
<td colspan=""1"" rowspan=""1"" style=""text-align:center"">
           SI
          </td>
<td colspan=""1"" rowspan=""1"" style="""">
</td>
</tr>
<tr>
<td colspan=""2"" rowspan=""1"" style=""height:20px;"">
           Clase de aislamiento
          </td>
<td colspan=""1"" rowspan=""1"" style=""text-align:center"">
           SI
          </td>
<td colspan=""1"" rowspan=""1"" style="""">
</td>
</tr>
<tr>
<td colspan=""2"" rowspan=""1"" style=""height:20px;"">
           Garantía
          </td>
<td colspan=""1"" rowspan=""1"" style=""text-align:center"">
           SI
          </td>
<td colspan=""1"" rowspan=""1"" style="""">
</td>
</tr>
<tr>
<td colspan=""2"" rowspan=""1"" style=""height:20px;"">
           Palabra ENEL
          </td>
<td colspan=""1"" rowspan=""1"" style=""text-align:center"">
           SI
          </td>
<td colspan=""1"" rowspan=""1"" style="""">
</td>
</tr>
<tr>
<td colspan=""2"" rowspan=""1"" style=""height:20px;"">
           Número de serie
          </td>
<td colspan=""1"" rowspan=""1"" style=""text-align:center"">
           SI
          </td>
<td colspan=""1"" rowspan=""1"" style="""">
</td>
</tr>
<tr>
<td colspan=""1"" rowspan=""1"" style=""height:20px;text-align:center"">
           34
          </td>
<td colspan=""1"" rowspan=""1"" style="""">
           Garantía total del proyector
          </td>
<td colspan=""2"" rowspan=""1"" style="""">
           Años
          </td>
<td colspan=""1"" rowspan=""1"" style=""text-align:center"">
           = 3 años
          </td>
<td colspan=""1"" rowspan=""1"" style=""text-align:center"">
</td>
</tr>
<tr>
<td colspan=""1"" rowspan=""9"" style=""height:20px;text-align:center"">
           35
          </td>
<td colspan=""1"" rowspan=""9"" style="""">
           Interfaces
          </td>
<td colspan=""2"" rowspan=""1"" style="""">
           HDMI
          </td>
<td colspan=""1"" rowspan=""1"" style=""text-align:center"">
           SI
          </td>
<td colspan=""1"" rowspan=""1"" style=""text-align:center"">
</td>
</tr>
<tr>
<td colspan=""2"" rowspan=""1"" style=""height:20px;"">
           HDBaseT
          </td>
<td colspan=""1"" rowspan=""1"" style=""text-align:center"">
           SI
          </td>
<td colspan=""1"" rowspan=""1"" style=""text-align:center"">
</td>
</tr>
<tr>
<td colspan=""2"" rowspan=""1"" style=""height:20px;"">
           Entrada de audio: Mini estéreo
          </td>
<td colspan=""1"" rowspan=""1"" style=""text-align:center"">
           SI
          </td>
<td colspan=""1"" rowspan=""1"" style=""text-align:center"">
</td>
</tr>
<tr>
<td colspan=""2"" rowspan=""1"" style=""height:20px;"">
           Salida de audio variable: Mini estéreo
          </td>
<td colspan=""1"" rowspan=""1"" style=""text-align:center"">
           SI
          </td>
<td colspan=""1"" rowspan=""1"" style=""text-align:center"">
</td>
</tr>
<tr>
<td colspan=""2"" rowspan=""1"" style=""height:20px;"">
           Conector USB tipo B
          </td>
<td colspan=""1"" rowspan=""1"" style=""text-align:center"">
           SI
          </td>
<td colspan=""1"" rowspan=""1"" style=""text-align:center"">
</td>
</tr>
<tr>
<td colspan=""2"" rowspan=""1"" style=""height:20px;"">
           Conector USB tipo A
          </td>
<td colspan=""1"" rowspan=""1"" style=""text-align:center"">
           SI
          </td>
<td colspan=""1"" rowspan=""1"" style=""text-align:center"">
</td>
</tr>
<tr>
<td colspan=""2"" rowspan=""1"" style=""height:20px;"">
           Serial: RS-232c
          </td>
<td colspan=""1"" rowspan=""1"" style=""text-align:center"">
           SI
          </td>
<td colspan=""1"" rowspan=""1"" style=""text-align:center"">
</td>
</tr>
<tr>
<td colspan=""2"" rowspan=""1"" style=""height:20px;"">
           LAN con cable RJ-45
          </td>
<td colspan=""1"" rowspan=""1"" style=""text-align:center"">
           SI
          </td>
<td colspan=""1"" rowspan=""1"" style=""text-align:center"">
</td>
</tr>
<tr>
<td colspan=""2"" rowspan=""1"" style=""height:20px;"">
           LAN inalámbrica
          </td>
<td colspan=""1"" rowspan=""1"" style=""text-align:center"">
           SI
          </td>
<td colspan=""1"" rowspan=""1"" style=""text-align:center"">
</td>
</tr>
<tr>
<td colspan=""1"" rowspan=""3"" style=""height:20px;text-align:center"">
           36
          </td>
<td colspan=""1"" rowspan=""3"" style="""">
           Gobos
          </td>
<td colspan=""2"" rowspan=""1"" style="""">
           Material (metálico, cristal, plástico)
          </td>
<td colspan=""1"" rowspan=""1"" style=""text-align:center"">
           (*)
          </td>
<td colspan=""1"" rowspan=""1"" style=""text-align:center"">
</td>
</tr>
<tr>
<td colspan=""2"" rowspan=""1"" style=""height:20px;"">
           Diámetro
          </td>
<td colspan=""1"" rowspan=""1"" style=""text-align:center"">
           (*)
          </td>
<td colspan=""1"" rowspan=""1"" style=""text-align:center"">
</td>
</tr>
<tr>
<td colspan=""2"" rowspan=""1"" style=""height:20px;"">
           Incluye portagobos
          </td>
<td colspan=""1"" rowspan=""1"" style=""text-align:center"">
           SI
          </td>
<td colspan=""1"" rowspan=""1"" style=""text-align:center"">
</td>
</tr>
<tr>
<td colspan=""1"" rowspan=""1"" style=""height:20px;text-align:center"">
           37
          </td>
<td colspan=""3"" rowspan=""1"" style="""">
           Entrega catálogos en español del proyector
          </td>
<td colspan=""1"" rowspan=""1"" style=""text-align:center"">
           SI
          </td>
<td colspan=""1"" rowspan=""1"" style=""text-align:center"">
</td>
</tr>
<tr>
<td colspan=""1"" rowspan=""1"" style=""height:45px;text-align:center"">
           38
          </td>
<td colspan=""3"" rowspan=""1"" style="""">
           Entrega catálogos de la bombilla de halógena, fuente alimentación, refrigeración.
          </td>
<td colspan=""1"" rowspan=""1"" style=""text-align:center"">
           SI
          </td>
<td colspan=""1"" rowspan=""1"" style=""text-align:center"">
</td>
</tr>
<tr>
<td colspan=""1"" rowspan=""1"" style=""height:20px;text-align:center"">
           39
          </td>
<td colspan=""3"" rowspan=""1"" style="""">
           Entrega ensayos y protocolos del proyector
          </td>
<td colspan=""1"" rowspan=""1"" style=""text-align:center"">
           SI
          </td>
<td colspan=""1"" rowspan=""1"" style=""text-align:center"">
</td>
</tr>
<tr>
<td colspan=""1"" rowspan=""1"" style=""height:34px;text-align:center"">
           40
          </td>
<td colspan=""3"" rowspan=""1"" style="""">
           Entrega ensayos y protocolos de la bombilla de halógena, fuente alimentación, refrigeración.
          </td>
<td colspan=""1"" rowspan=""1"" style=""text-align:center"">
           SI
          </td>
<td colspan=""1"" rowspan=""1"" style=""text-align:center"">
</td>
</tr>
<tr>
<td colspan=""1"" rowspan=""1"" style=""height:20px;text-align:center"">
           41
          </td>
<td colspan=""3"" rowspan=""1"" style="""">
           Entrega registro fotográfico en las 4 vistas interior y exterior
          </td>
<td colspan=""1"" rowspan=""1"" style=""text-align:center"">
           SI
          </td>
<td colspan=""1"" rowspan=""1"" style=""text-align:center"">
</td>
</tr>
<tr>
<td colspan=""1"" rowspan=""1"" style=""height:20px;text-align:center"">
           42
          </td>
<td colspan=""3"" rowspan=""1"" style="""">
           Entrega copia de todos los planos y dibujos en formato PDF
          </td>
<td colspan=""1"" rowspan=""1"" style=""text-align:center"">
           SI
          </td>
<td colspan=""1"" rowspan=""1"" style=""text-align:center"">
</td>
</tr>
<tr>
<td colspan=""1"" rowspan=""1"" style=""height:20px;text-align:center"">
           43
          </td>
<td colspan=""3"" rowspan=""1"" style="""">
           Se garantiza la estabilidad del color contra rayos ultravioleta
          </td>
<td colspan=""1"" rowspan=""1"" style=""text-align:center"">
           SI
          </td>
<td colspan=""1"" rowspan=""1"" style=""text-align:center"">
</td>
</tr>
</table>
<br/>
</div>
<br/>
       (*) Información que se requiere sea diligenciada por el fabricante.
       <br/>
<br/>
<br/>
<br/>
</div>
<div class=""streamgrouped"" id=""streamgrouped"">

</div>
</div>

</div>",MATERIALES AP,MATERIALES AP
