numero,nombre,fecha,contenido,categoria
ET 609,ET609 Ductos corrugados de pvc para redes subterráneas de media y baja tensión,31/08/2023,"<div class=""contenido"">


<div class=""internas"">


<div class=""caja_texto wikiformat"">

<div style=""clear:left;"">
</div>
<h2 id=""heading_0"">
        1. OBJETO
       </h2>
       Especificar las características técnicas que deben cumplir y pruebas a que deben ser sometidos los ductos corrugados de PVC utilizados en redes subterráneas de media y
       <a class=""externalLink glosarioLink use-ajax"" data-dialog-type=""modal"" href=""/taxonomy/term/65/definition"" id=""version-98"">
        baja tensión
       </a>
       .
       <br/>
<h2 id=""heading_1"">
        2. ALCANCE
       </h2>
       Esta especificación aplica para todos los ductos corrugados de PVC instalados en el
       <a class=""externalLink glosarioLink use-ajax"" data-dialog-type=""modal"" href=""/taxonomy/term/324/definition"" id=""version-363"">
        sistema
       </a>
       de distribución de Enel.
       <br/>
<h2 id=""heading_2"">
        3. NORMAS RELACIONADAS
       </h2>
<br/>
<br/>
<div style=""width:784px;"">
<table>
<tr>
<td colspan=""1"" rowspan=""1"" style=""width:89px;height:40px;text-align:center"">
           NTC
          </td>
<td colspan=""1"" rowspan=""1"" style=""width:115px;text-align:center"">
           369
          </td>
<td colspan=""1"" rowspan=""1"" style=""width:580px;"">
           Especificaciones para compuestos rígidos de polímeros de cloruro de vinilo (PVC, CPVC y copolímeros)
          </td>
</tr>
<tr>
<td colspan=""1"" rowspan=""1"" style=""height:40px;text-align:center"">
           NTC
          </td>
<td colspan=""1"" rowspan=""1"" style=""text-align:center"">
           979
          </td>
<td colspan=""1"" rowspan=""1"" style="""">
           Plásticos. Tubos y curvas de poli(cloruro de vinilo) (PVC) rígido para alojar y proteger conductores eléctricos aislados
          </td>
</tr>
<tr>
<td colspan=""1"" rowspan=""1"" style=""height:40px;text-align:center"">
           NTC
          </td>
<td colspan=""1"" rowspan=""1"" style=""text-align:center"">
           1125
          </td>
<td colspan=""1"" rowspan=""1"" style="""">
           Plásticos. Determinación de la resistencia al impacto de tubos y accesorios termoplásticos por medio de una
           <a class=""externalLink glosarioLink use-ajax"" data-dialog-type=""modal"" href=""/taxonomy/term/66/definition"" id=""version-99"">
            baliza
           </a>
           (peso en caída)
          </td>
</tr>
<tr>
<td colspan=""1"" rowspan=""1"" style=""height:40px;text-align:center"">
           NTC
          </td>
<td colspan=""1"" rowspan=""1"" style=""text-align:center"">
           1630
          </td>
<td colspan=""1"" rowspan=""1"" style="""">
           Plásticos. Tubos y curvas de poli(cloruro de vinilo) (PVC) rígido para alojar y proteger conductores subterráneos eléctricos y telefónicos
          </td>
</tr>
<tr>
<td colspan=""1"" rowspan=""1"" style=""height:40px;text-align:center"">
           NTC
          </td>
<td colspan=""1"" rowspan=""1"" style=""text-align:center"">
           2983
          </td>
<td colspan=""1"" rowspan=""1"" style="""">
           Plásticos. Determinación del grado de ablandamiento de tubería de poli(cloruro de vinilo) (PVC) extruído y accesorios moldeados por inmersión en acetona
          </td>
</tr>
<tr>
<td colspan=""1"" rowspan=""1"" style=""height:20px;text-align:center"">
           NTC
          </td>
<td colspan=""1"" rowspan=""1"" style=""text-align:center"">
           3358
          </td>
<td colspan=""1"" rowspan=""1"" style="""">
           Plásticos. Determinación de las dimensiones de tubería y accesorios termoplásticos
          </td>
</tr>
<tr>
<td colspan=""1"" rowspan=""1"" style=""height:40px;text-align:center"">
           NTC
          </td>
<td colspan=""1"" rowspan=""1"" style=""text-align:center"">
           3363
          </td>
<td colspan=""1"" rowspan=""1"" style="""">
           Plásticos. Tubos de poli(cloruro de vinilo) (PVC) rígido corrugados con interior liso para proteger conductores eléctricos y telefónicos
          </td>
</tr>
<tr>
<td colspan=""1"" rowspan=""1"" style=""height:20px;text-align:center"">
           NTC
          </td>
<td colspan=""1"" rowspan=""1"" style=""text-align:center"">
           5442
          </td>
<td colspan=""1"" rowspan=""1"" style="""">
           Plásticos. Accesorios de poli(cloruro de vinilo) (PVC) rígido para tubería Conduit
          </td>
</tr>
<tr>
<td colspan=""1"" rowspan=""1"" style=""height:60px;text-align:center"">
           NTC ISO
          </td>
<td colspan=""1"" rowspan=""1"" style=""text-align:center"">
           2859-1
          </td>
<td colspan=""1"" rowspan=""1"" style="""">
           Procedimientos de muestreo para
           <a class=""externalLink glosarioLink use-ajax"" data-dialog-type=""modal"" href=""/taxonomy/term/200/definition"" id=""version-235"">
            inspección
           </a>
           por atributos. Parte 1: planes de muestreo determinados por el nivel aceptable de
           <a class=""externalLink glosarioLink use-ajax"" data-dialog-type=""modal"" href=""/taxonomy/term/79/definition"" id=""version-112"">
            calidad
           </a>
           (NAC) para
           <a class=""externalLink glosarioLink use-ajax"" data-dialog-type=""modal"" href=""/taxonomy/term/200/definition"" id=""version-235"">
            inspección
           </a>
<a class=""externalLink glosarioLink use-ajax"" data-dialog-type=""modal"" href=""/taxonomy/term/229/definition"" id=""version-264"">
            lote
           </a>
           a
           <a class=""externalLink glosarioLink use-ajax"" data-dialog-type=""modal"" href=""/taxonomy/term/229/definition"" id=""version-264"">
            lote
           </a>
</td>
</tr>
</table>
<br/>
</div>
<h2 id=""heading_3"">
        4. CONDICIONES DE SERVICIO
       </h2>
       Los ductos de que trata esta especificación serán instalados en sistemas de distribución primaria y secundaria de Enel, de acuerdo con las siguientes condiciones generales del
       <a class=""externalLink glosarioLink use-ajax"" data-dialog-type=""modal"" href=""/taxonomy/term/324/definition"" id=""version-363"">
        sistema
       </a>
       :
       <br/>
<h3 id=""heading_4"">
        4.1 Condiciones ambientales
       </h3>
       - Altura sobre el nivel del mar: 2 700 m
       <br/>
       - Humedad relativa: 90%
       <br/>
       - Temperatura ambiente máxima: 27 °C
       <br/>
       - Temperatura ambiente mínima: -5 °C
       <br/>
<br/>
<h3 id=""heading_5"">
        4.2 Características eléctricas del
        <a class=""externalLink glosarioLink use-ajax"" data-dialog-type=""modal"" href=""/taxonomy/term/324/definition"" id=""version-363"">
         sistema
        </a>
</h3>
<a class=""externalLink glosarioLink use-ajax"" data-dialog-type=""modal"" href=""/taxonomy/term/345/definition"" id=""version-384"">
        Tensión nominal
       </a>
       máxima: 34,5 kV – 11,4 kV – 13,2 kV – 208 V /120 V
       <br/>
<h3 id=""heading_6"">
        4.3 Condiciones de instalación
       </h3>
       Directamente enterrados, y conectando cajas de
       <a class=""externalLink glosarioLink use-ajax"" data-dialog-type=""modal"" href=""/taxonomy/term/200/definition"" id=""version-235"">
        inspección
       </a>
<br/>
<h2 id=""heading_7"">
        5. DUCTOS NORMALIZADOS
       </h2>
       Los ductos deberán ser de policloruro de vinilo (PVC) rígido, corrugados exteriormente y con interior liso para proteger conductores eléctricos aislados.
       <br/>
<br/>
       Los diámetros nominales de los ductos normalizados por la
       <a class=""externalLink glosarioLink use-ajax"" data-dialog-type=""modal"" href=""/taxonomy/term/152/definition"" id=""version-185"">
        Empresa
       </a>
       son:
       <br/>
       - 3”
       <br/>
       - 4”
       <br/>
       - 6”
       <br/>
<h2 id=""heading_8"">
        6. REQUISITOS TÉCNICOS PARTICULARES
       </h2>
       El ducto y sus componentes deberán cumplir con las características y ensayos dadas en la NTC 3363, y con las características generales dadas en las Tablas No. 1 y No. 2.
       <br/>
<br/>
<b>
        Tabla No. 1
       </b>
<br/>
<b>
        Requisitos generales del ducto
       </b>
<br/>
<div style=""width:905px;"">
<table>
<tr>
<td colspan=""5"" rowspan=""1"" style=""width:445px;height:21px;text-align:center"">
<b>
            Material
           </b>
</td>
<td colspan=""4"" rowspan=""1"" style=""width:460px;text-align:center"">
<b>
            PVC rígido
           </b>
</td>
</tr>
<tr>
<td colspan=""2"" rowspan=""1"" style=""height:21px;text-align:center"">
<b>
            Diámetro nominal
           </b>
</td>
<td colspan=""3"" rowspan=""1"" style=""text-align:center"">
<b>
            Diámetro exterior (mm)
           </b>
</td>
<td colspan=""1"" rowspan=""2"" style=""text-align:center"">
<b>
            Diámetro interior mínimo (mm)
           </b>
</td>
<td colspan=""3"" rowspan=""1"" style=""text-align:center"">
</td>
</tr>
<tr>
<td colspan=""1"" rowspan=""1"" style=""height:52px;text-align:center"">
<b>
            Pulgadas
           </b>
</td>
<td colspan=""1"" rowspan=""1"" style=""text-align:center"">
<b>
            mm
           </b>
</td>
<td colspan=""1"" rowspan=""1"" style=""text-align:center"">
<b>
            Promedio
           </b>
</td>
<td colspan=""1"" rowspan=""1"" style=""text-align:center"">
<b>
            Tolerancia
           </b>
</td>
<td colspan=""1"" rowspan=""1"" style=""text-align:center"">
<b>
            Ovalamiento máximo
           </b>
</td>
<td colspan=""1"" rowspan=""1"" style="""">
<b>
            Pared exterior
           </b>
</td>
<td colspan=""1"" rowspan=""1"" style=""text-align:center"">
<b>
            Pared interior
           </b>
</td>
<td colspan=""1"" rowspan=""1"" style=""text-align:center"">
<b>
            Pared del valle
           </b>
</td>
</tr>
<tr>
<td colspan=""1"" rowspan=""1"" style=""height:21px;text-align:center"">
           3
          </td>
<td colspan=""1"" rowspan=""1"" style=""text-align:center"">
           88
          </td>
<td colspan=""1"" rowspan=""1"" style=""text-align:center"">
           88,9
          </td>
<td colspan=""1"" rowspan=""1"" style=""text-align:center"">
           +/- 0,28
          </td>
<td colspan=""1"" rowspan=""1"" style=""text-align:center"">
           1,6
          </td>
<td colspan=""1"" rowspan=""1"" style=""text-align:center"">
           75
          </td>
<td colspan=""1"" rowspan=""1"" style=""text-align:center"">
           0,4
          </td>
<td colspan=""1"" rowspan=""1"" style=""text-align:center"">
           0,4
          </td>
<td colspan=""1"" rowspan=""1"" style=""text-align:center"">
           0,6
          </td>
</tr>
<tr>
<td colspan=""1"" rowspan=""1"" style=""height:21px;text-align:center"">
           4
          </td>
<td colspan=""1"" rowspan=""1"" style=""text-align:center"">
           109
          </td>
<td colspan=""1"" rowspan=""1"" style=""text-align:center"">
           109,2
          </td>
<td colspan=""1"" rowspan=""1"" style=""text-align:center"">
           +/- 0,32
          </td>
<td colspan=""1"" rowspan=""1"" style=""text-align:center"">
           2,4
          </td>
<td colspan=""1"" rowspan=""1"" style=""text-align:center"">
           100
          </td>
<td colspan=""1"" rowspan=""1"" style=""text-align:center"">
           0,4
          </td>
<td colspan=""1"" rowspan=""1"" style=""text-align:center"">
           0,4
          </td>
<td colspan=""1"" rowspan=""1"" style=""text-align:center"">
           0,6
          </td>
</tr>
<tr>
<td colspan=""1"" rowspan=""1"" style=""height:21px;text-align:center"">
           6
          </td>
<td colspan=""1"" rowspan=""1"" style=""text-align:center"">
           168
          </td>
<td colspan=""1"" rowspan=""1"" style=""text-align:center"">
           168,28
          </td>
<td colspan=""1"" rowspan=""1"" style=""text-align:center"">
           +/- 0,32
          </td>
<td colspan=""1"" rowspan=""1"" style=""text-align:center"">
           2,4
          </td>
<td colspan=""1"" rowspan=""1"" style=""text-align:center"">
           150
          </td>
<td colspan=""1"" rowspan=""1"" style=""text-align:center"">
           0,6
          </td>
<td colspan=""1"" rowspan=""1"" style=""text-align:center"">
           0,6
          </td>
<td colspan=""1"" rowspan=""1"" style=""text-align:center"">
           0,9
          </td>
</tr>
</table>
<br/>
</div>
<br/>
<div class=""contenedor_imagen_articulos"">
<div class=""box_imagen_articulos"">
<div class=""imagen_articulos"">
<img class=""lightbox"" rel=""http://likinormas.micodensa.com/media/content/especificacion/573/Dibujo ET 609 Figura 1.JPG"" src=""/sites/default/files/media/cache/images/500x355/wikiimages/353235323232333534-12734-Dibujo ET 609 Figura 1.JPG"" title=""""/>
</div>
<div class=""texto_imagen_articulos"" style=""max-width:500px"">
</div>
</div>
</div>
<br/>
<div class=""contenedor_imagen_articulos"">
<div class=""box_imagen_articulos"">
<div class=""imagen_articulos"">
<img class=""lightbox"" rel=""http://likinormas.micodensa.com/media/content/especificacion/573/Dibujo ET 609 Figura 2.JPG"" src=""/sites/default/files/media/cache/images/500x355/wikiimages/353235323232323435-11325-Dibujo ET 609 Figura 2.JPG"" title=""""/>
</div>
<div class=""texto_imagen_articulos"" style=""max-width:500px"">
</div>
</div>
</div>
<br/>
<b>
        Tabla No. 2
       </b>
<br/>
<b>
        Requisitos generales de las campanas
       </b>
<br/>
<div style=""width:979px;"">
<table>
<tr>
<td colspan=""11"" rowspan=""1"" style=""width:979px;height:21px;text-align:center"">
<b>
            Campanas finales
           </b>
</td>
</tr>
<tr>
<td colspan=""5"" rowspan=""1"" style=""height:21px;text-align:center"">
<b>
            Material
           </b>
</td>
<td colspan=""6"" rowspan=""1"" style=""text-align:center"">
<b>
            PVC rígido
           </b>
</td>
</tr>
<tr>
<td colspan=""2"" rowspan=""1"" style=""height:21px;text-align:center"">
<b>
            Diámetro nominal
           </b>
</td>
<td colspan=""3"" rowspan=""1"" style=""text-align:center"">
<b>
            Diámetro de entrada A (mm)
           </b>
</td>
<td colspan=""3"" rowspan=""1"" style=""text-align:center"">
<b>
            Diámetro del fondo B (mm)
           </b>
</td>
<td colspan=""3"" rowspan=""1"" style=""text-align:center"">
<b>
            Longitud de la campana (mm)
           </b>
</td>
</tr>
<tr>
<td colspan=""1"" rowspan=""2"" style=""height:21px;text-align:center"">
<b>
            Pulgadas
           </b>
</td>
<td colspan=""1"" rowspan=""2"" style=""text-align:center"">
<b>
            mm
           </b>
</td>
<td colspan=""1"" rowspan=""2"" style=""text-align:center"">
<b>
            Promedio
           </b>
</td>
<td colspan=""2"" rowspan=""1"" style=""text-align:center"">
<b>
            Tolerancia
           </b>
</td>
<td colspan=""1"" rowspan=""2"" style=""text-align:center"">
<b>
            Promedio
           </b>
</td>
<td colspan=""2"" rowspan=""1"" style=""text-align:center"">
<b>
            Tolerancia
           </b>
</td>
<td colspan=""1"" rowspan=""2"" style=""text-align:center"">
<b>
            Promedio
           </b>
</td>
<td colspan=""1"" rowspan=""2"" style=""text-align:center"">
<b>
            Mínimo
           </b>
</td>
<td colspan=""1"" rowspan=""2"" style=""text-align:center"">
<b>
            Máximo
           </b>
</td>
</tr>
<tr>
<td colspan=""1"" rowspan=""1"" style=""height:33px;"">
<b>
            Para el promedio
           </b>
</td>
<td colspan=""1"" rowspan=""1"" style="""">
<b>
            Ovalamiento máximo
           </b>
</td>
<td colspan=""1"" rowspan=""1"" style="""">
<b>
            Para el promedio
           </b>
</td>
<td colspan=""1"" rowspan=""1"" style="""">
<b>
            Ovalamiento máximo
           </b>
</td>
</tr>
<tr>
<td colspan=""1"" rowspan=""1"" style=""height:21px;text-align:center"">
           3
          </td>
<td colspan=""1"" rowspan=""1"" style=""text-align:center"">
           88
          </td>
<td colspan=""1"" rowspan=""1"" style=""text-align:center"">
           89,87
          </td>
<td colspan=""1"" rowspan=""1"" style=""text-align:center"">
<u>
            /- 0,28
           </u>
</td>
<td colspan=""1"" rowspan=""1"" style=""text-align:center"">
           1,52
          </td>
<td colspan=""1"" rowspan=""1"" style=""text-align:center"">
           88,87
          </td>
<td colspan=""1"" rowspan=""1"" style=""text-align:center"">
           /- 0,28
          </td>
<td colspan=""1"" rowspan=""1"" style=""text-align:center"">
           1,52
          </td>
<td colspan=""1"" rowspan=""1"" style=""text-align:center"">
           76
          </td>
<td colspan=""1"" rowspan=""1"" style=""text-align:center"">
           73
          </td>
<td colspan=""1"" rowspan=""1"" style=""text-align:center"">
           79
          </td>
</tr>
<tr>
<td colspan=""1"" rowspan=""1"" style=""height:21px;text-align:center"">
           4
          </td>
<td colspan=""1"" rowspan=""1"" style=""text-align:center"">
           109
          </td>
<td colspan=""1"" rowspan=""1"" style=""text-align:center"">
           110
          </td>
<td colspan=""1"" rowspan=""1"" style=""text-align:center"">
<u>
            /- 0,32
           </u>
</td>
<td colspan=""1"" rowspan=""1"" style=""text-align:center"">
           2,54
          </td>
<td colspan=""1"" rowspan=""1"" style=""text-align:center"">
           109,26
          </td>
<td colspan=""1"" rowspan=""1"" style=""text-align:center"">
           /- 0,32
          </td>
<td colspan=""1"" rowspan=""1"" style=""text-align:center"">
           2,54
          </td>
<td colspan=""1"" rowspan=""1"" style=""text-align:center"">
           89
          </td>
<td colspan=""1"" rowspan=""1"" style=""text-align:center"">
           86
          </td>
<td colspan=""1"" rowspan=""1"" style=""text-align:center"">
           92
          </td>
</tr>
<tr>
<td colspan=""1"" rowspan=""1"" style=""height:21px;text-align:center"">
           6
          </td>
<td colspan=""1"" rowspan=""1"" style=""text-align:center"">
           168
          </td>
<td colspan=""1"" rowspan=""1"" style=""text-align:center"">
           169,85
          </td>
<td colspan=""1"" rowspan=""1"" style=""text-align:center"">
<u>
            /- 0,32
           </u>
</td>
<td colspan=""1"" rowspan=""1"" style=""text-align:center"">
           2,54
          </td>
<td colspan=""1"" rowspan=""1"" style=""text-align:center"">
           168,25
          </td>
<td colspan=""1"" rowspan=""1"" style=""text-align:center"">
           /- 0,32
          </td>
<td colspan=""1"" rowspan=""1"" style=""text-align:center"">
           2,54
          </td>
<td colspan=""1"" rowspan=""1"" style=""text-align:center"">
           130
          </td>
<td colspan=""1"" rowspan=""1"" style=""text-align:center"">
           127
          </td>
<td colspan=""1"" rowspan=""1"" style=""text-align:center"">
           133
          </td>
</tr>
</table>
<br/>
</div>
<h2 id=""heading_9"">
        7.	CARACTERÍSTICAS DE FABRICACIÓN
       </h2>
       Los ductos deben ser aptos para utilización en las condiciones de
       <a class=""externalLink glosarioLink use-ajax"" data-dialog-type=""modal"" href=""/taxonomy/term/320/definition"" id=""version-359"">
        servicio
       </a>
       estipuladas en el numeral 4 de la presente especificación, y deberán cumplir con las características que se especifican a continuación:
       <br/>
<h3 id=""heading_10"">
        7.1 Materia prima
       </h3>
       Los ductos deberán fabricarse únicamente con compuestos de poli(cloruro de vinilo) iguales o superiores a las celdas especificadas en la NTC 3363, de acuerdo con la NTC 369.
       <br/>
<br/>
       Podrá utilizarse
       <a class=""externalLink glosarioLink use-ajax"" data-dialog-type=""modal"" href=""/taxonomy/term/239/definition"" id=""version-274"">
        material
       </a>
       recuperado limpio, proveniente de la elaboración de ductos de la misma fábrica, si el ducto producido cumple con todos los requisitos establecidos en la presente especificación.
       <br/>
<br/>
<h3 id=""heading_11"">
        7.2 Requisitos generales
       </h3>
       Cuando se observen a simple vista, los extremos de los ductos aunque sean biselados deben tener un corte perpendicular a su eje.
       <br/>
<br/>
       A simple vista y a lo largo del ducto, las superficies interna y externa de los ductos deben ser lisas y uniformes en color, y deben estar exentas de grietas, fisuras y perforaciones o incrustaciones de
       <a class=""externalLink glosarioLink use-ajax"" data-dialog-type=""modal"" href=""/taxonomy/term/239/definition"" id=""version-274"">
        material
       </a>
       extraño.
       <br/>
<br/>
       Los ductos deben suministrarse con un anillo de caucho en uno de sus extremos, incorporado en el ducto y que garantice su hermeticidad.
       <br/>
<br/>
       Los ductos deberán ser acampanados en uno de sus extremos, de acuerdo con las dimensiones especificadas en la tabla No. 2. La longitud del ducto, incluyendo la campana deberá ser de 6 m.
       <br/>
<br/>
<h3 id=""heading_12"">
        7.3 Requisitos específicos
       </h3>
       Las dimensiones de los ductos y de las campanas soldadas, deberán cumplir con los requisitos establecidos en las tablas No. 1 y No.2, cuando se determinen de acuerdo con la NTC 3358.
       <br/>
<br/>
       La diferencia entre los diámetros máximo y mínimo medidos, no deberá exceder los valores establecidos para ovalamiento en la tabla No.1, cuando se determine según el
       <a class=""externalLink glosarioLink use-ajax"" data-dialog-type=""modal"" href=""/taxonomy/term/243/definition"" id=""version-278"">
        método
       </a>
       indicado en la NTC 3358.
       <br/>
<br/>
       Cuando se determine según lo indicado en la NTC 3358, la longitud mínima, será la acordada entre el fabricante y ENEL, con una tolerancia de –0,2%.
       <br/>
<br/>
       Los ductos no deberán presentar evidencias de laminación o desmoronamiento en ningún área del ducto, al igual que desprendimiento de las paredes, cuando sean sometidos al
       <a class=""externalLink glosarioLink use-ajax"" data-dialog-type=""modal"" href=""/taxonomy/term/155/definition"" id=""version-188"">
        ensayo
       </a>
       de
       <a class=""externalLink glosarioLink use-ajax"" data-dialog-type=""modal"" href=""/taxonomy/term/79/definition"" id=""version-112"">
        calidad
       </a>
       de extrusión, de acuerdo con la NTC 2983.
       <br/>
<br/>
       Los ductos deberán soportar una energía de 81 J para los diámetros de 2"", 3"" y 4"" y de 108 J para el diámetro de 6"" sin presentar astillamientos, rajaduras o separación de las paredes, cuando sean sometidos al
       <a class=""externalLink glosarioLink use-ajax"" data-dialog-type=""modal"" href=""/taxonomy/term/155/definition"" id=""version-188"">
        ensayo
       </a>
       de resistencia al impacto, de acuerdo con la NTC 1125. La huella interna o externa producida por el golpe de la
       <a class=""externalLink glosarioLink use-ajax"" data-dialog-type=""modal"" href=""/taxonomy/term/66/definition"" id=""version-99"">
        baliza
       </a>
       sobre la superficie de la
       <a class=""externalLink glosarioLink use-ajax"" data-dialog-type=""modal"" href=""/taxonomy/term/253/definition"" id=""version-288"">
        muestra
       </a>
       no deberá considerarse como
       <a class=""externalLink glosarioLink use-ajax"" data-dialog-type=""modal"" href=""/taxonomy/term/171/definition"" id=""version-204"">
        falla
       </a>
       .
       <br/>
<br/>
       Los ductos deberán cumplir con una rigidez mínima de 60 psi, cuando sean sometidos al
       <a class=""externalLink glosarioLink use-ajax"" data-dialog-type=""modal"" href=""/taxonomy/term/155/definition"" id=""version-188"">
        ensayo
       </a>
       de rigidez del ducto, de acuerdo con la NTC 3363.
       <br/>
<br/>
       Las uniones de los ductos deberán ser herméticas e impermeables y no deberán presentar goteo cuando se ensayen de acuerdo con la NTC 3363,
       <a class=""externalLink glosarioLink use-ajax"" data-dialog-type=""modal"" href=""/taxonomy/term/155/definition"" id=""version-188"">
        ensayo
       </a>
       de determinación de la impermeabilidad de las uniones.
       <br/>
<br/>
       La unión entre la parte interna y externa en el valle de la corrugación, no deberá separarse cuando se ensaye de acuerdo con la NTC 3363,
       <a class=""externalLink glosarioLink use-ajax"" data-dialog-type=""modal"" href=""/taxonomy/term/155/definition"" id=""version-188"">
        ensayo
       </a>
       de
       <a class=""externalLink glosarioLink use-ajax"" data-dialog-type=""modal"" href=""/taxonomy/term/79/definition"" id=""version-112"">
        calidad
       </a>
       de adherencia.
       <br/>
<br/>
       Los ductos no deberán presentar evidencias de agrietamiento, rotura o separación de los dos espesores, cuando se ensayen de acuerdo con la NTC 3363,
       <a class=""externalLink glosarioLink use-ajax"" data-dialog-type=""modal"" href=""/taxonomy/term/155/definition"" id=""version-188"">
        ensayo
       </a>
       de aplastamiento transversal.
       <br/>
<br/>
       Los ductos no deberán presentar ninguna de las fallas descritas en el numeral de “inflamabilidad” de la NTC 979, cuando se ensayen de acuerdo con dicha norma.
       <br/>
<br/>
       Para efectuar la unión con cemento solvente de los ductos de PVC rígido corrugado con interior liso, se deberán seguir los pasos descritos en la NTC 3363.
       <br/>
<br/>
       Se deberán considerar en el diseño, los cambios de temperatura del terreno, del agua o del ambiente, los cuales producen esfuerzos de corte longitudinales en las uniones de cemento solvente.
       <br/>
<br/>
<h2 id=""heading_13"">
        8. PRUEBAS
       </h2>
       Deben realizarse las pruebas definidas en la siguiente tabla.
       <br/>
<div style=""width:642px;"">
<table>
<tr>
<td colspan=""1"" rowspan=""1"" style=""width:267px;height:22px;"">
<b>
            Pruebas de ductos
           </b>
</td>
<td colspan=""1"" rowspan=""1"" style=""width:122px;text-align:center"">
<b>
            Tipo
           </b>
</td>
<td colspan=""1"" rowspan=""1"" style=""width:138px;text-align:center"">
<b>
            Rutina
           </b>
</td>
<td colspan=""1"" rowspan=""1"" style=""width:115px;text-align:center"">
<b>
            Aceptación
           </b>
</td>
</tr>
<tr>
<td colspan=""1"" rowspan=""1"" style=""height:22px;"">
           Inspección visual
          </td>
<td colspan=""1"" rowspan=""1"" style=""text-align:center"">
           X
          </td>
<td colspan=""1"" rowspan=""1"" style=""text-align:center"">
           X
          </td>
<td colspan=""1"" rowspan=""1"" style=""text-align:center"">
           X
          </td>
</tr>
<tr>
<td colspan=""1"" rowspan=""1"" style=""height:43px;"">
           Determinación de las dimensiones, de acuerdo con la NTC 3358.
          </td>
<td colspan=""1"" rowspan=""1"" style=""text-align:center"">
           X
          </td>
<td colspan=""1"" rowspan=""1"" style=""text-align:center"">
           X
          </td>
<td colspan=""1"" rowspan=""1"" style=""text-align:center"">
           X
          </td>
</tr>
<tr>
<td colspan=""1"" rowspan=""1"" style=""height:43px;"">
           Calidad de extrusión, de acuerdo con la NTC 2983.
          </td>
<td colspan=""1"" rowspan=""1"" style=""text-align:center"">
           X
          </td>
<td colspan=""1"" rowspan=""1"" style=""text-align:center"">
           X
          </td>
<td colspan=""1"" rowspan=""1"" style=""text-align:center"">
           X
          </td>
</tr>
<tr>
<td colspan=""1"" rowspan=""1"" style=""height:43px;"">
           Resistencia al impacto, de acuerdo con la NTC 1125.
          </td>
<td colspan=""1"" rowspan=""1"" style=""text-align:center"">
           X
          </td>
<td colspan=""1"" rowspan=""1"" style=""text-align:center"">
           X
          </td>
<td colspan=""1"" rowspan=""1"" style=""text-align:center"">
           X
          </td>
</tr>
<tr>
<td colspan=""1"" rowspan=""1"" style=""height:43px;"">
           Rigidez del ducto, de acuerdo con la NTC 3363.
          </td>
<td colspan=""1"" rowspan=""1"" style=""text-align:center"">
           X
          </td>
<td colspan=""1"" rowspan=""1"" style=""text-align:center"">
           X
          </td>
<td colspan=""1"" rowspan=""1"" style=""text-align:center"">
           X
          </td>
</tr>
<tr>
<td colspan=""1"" rowspan=""1"" style=""height:43px;"">
           Impermeabilidad de las uniones, de acuerdo con la NTC 3363.
          </td>
<td colspan=""1"" rowspan=""1"" style=""text-align:center"">
           X
          </td>
<td colspan=""1"" rowspan=""1"" style=""text-align:center"">
           X
          </td>
<td colspan=""1"" rowspan=""1"" style=""text-align:center"">
           X
          </td>
</tr>
<tr>
<td colspan=""1"" rowspan=""1"" style=""height:43px;"">
           Calidad de adherencia, de acuerdo con la NTC 3363.
          </td>
<td colspan=""1"" rowspan=""1"" style=""text-align:center"">
           X
          </td>
<td colspan=""1"" rowspan=""1"" style=""text-align:center"">
           X
          </td>
<td colspan=""1"" rowspan=""1"" style=""text-align:center"">
           X
          </td>
</tr>
<tr>
<td colspan=""1"" rowspan=""1"" style=""height:43px;"">
           Aplastamiento transversal, de acuerdo con la NTC 3363
          </td>
<td colspan=""1"" rowspan=""1"" style=""text-align:center"">
           X
          </td>
<td colspan=""1"" rowspan=""1"" style=""text-align:center"">
           X
          </td>
<td colspan=""1"" rowspan=""1"" style=""text-align:center"">
           X
          </td>
</tr>
<tr>
<td colspan=""1"" rowspan=""1"" style=""height:43px;"">
           Inflamabilidad, de acuerdo con la NTC 3363
          </td>
<td colspan=""1"" rowspan=""1"" style=""text-align:center"">
           X
          </td>
<td colspan=""1"" rowspan=""1"" style=""text-align:center"">
</td>
<td colspan=""1"" rowspan=""1"" style=""text-align:center"">
</td>
</tr>
</table>
<br/>
</div>
<br/>
<b>
        Tabla 3.1. Pruebas de ductos.
       </b>
<br/>
<br/>
<div style=""width:642px;"">
<table>
<tr>
<td colspan=""1"" rowspan=""1"" style=""width:267px;height:22px;"">
<b>
            Pruebas de accesorios
           </b>
</td>
<td colspan=""1"" rowspan=""1"" style=""width:122px;text-align:center"">
<b>
            Tipo
           </b>
</td>
<td colspan=""1"" rowspan=""1"" style=""width:138px;text-align:center"">
<b>
            Rutina
           </b>
</td>
<td colspan=""1"" rowspan=""1"" style=""width:115px;text-align:center"">
<b>
            Aceptación
           </b>
</td>
</tr>
<tr>
<td colspan=""1"" rowspan=""1"" style=""height:22px;"">
           Inspección visual
          </td>
<td colspan=""1"" rowspan=""1"" style=""text-align:center"">
           X
          </td>
<td colspan=""1"" rowspan=""1"" style=""text-align:center"">
           X
          </td>
<td colspan=""1"" rowspan=""1"" style=""text-align:center"">
           X
          </td>
</tr>
<tr>
<td colspan=""1"" rowspan=""1"" style=""height:43px;"">
           Calidad de moldeo y dimensiones, de acuerdo con la NTC correspondiente.
          </td>
<td colspan=""1"" rowspan=""1"" style=""text-align:center"">
           X
          </td>
<td colspan=""1"" rowspan=""1"" style=""text-align:center"">
           X
          </td>
<td colspan=""1"" rowspan=""1"" style=""text-align:center"">
           X
          </td>
</tr>
</table>
<br/>
</div>
<br/>
<b>
        Tabla 3.2. Pruebas de accesorios.
       </b>
<br/>
<h2 id=""heading_14"">
        9. MARCACIÓN
       </h2>
       Los ductos deberán llevar estampado, como mínimo, mediante un
       <a class=""externalLink glosarioLink use-ajax"" data-dialog-type=""modal"" href=""/taxonomy/term/324/definition"" id=""version-363"">
        sistema
       </a>
       apropiado y a intervalos no mayores a 1,5 m, un rótulo legible en el que aparezcan las siguientes indicaciones:
       <br/>
<br/>
       -	La sigla PVC
       <br/>
       -	La clase del
       <a class=""externalLink glosarioLink use-ajax"" data-dialog-type=""modal"" href=""/taxonomy/term/239/definition"" id=""version-274"">
        material
       </a>
       según lo establecido en el numeral 7.1 de la presente especificación
       <br/>
       -	El diámetro
       <a class=""externalLink glosarioLink use-ajax"" data-dialog-type=""modal"" href=""/taxonomy/term/259/definition"" id=""version-298"">
        nominal
       </a>
       del ducto en mm
       <br/>
       -	La leyenda “Ducto telefónico y
       <a class=""externalLink glosarioLink use-ajax"" data-dialog-type=""modal"" href=""/taxonomy/term/144/definition"" id=""version-177"">
        eléctrico
       </a>
       ”
       <br/>
       -	Nombre del fabricante
       <br/>
       -	Fecha de fabricación
       <br/>
       -	ENEL
       <br/>
       -	Número de pedido y/o contrato
       <br/>
       -	País de origen
       <br/>
       -	Código
       <br/>
<br/>
<h2 id=""heading_15"">
        10. CRITERIOS  DE  ACEPTACIÓN  O  RECHAZO
       </h2>
       El muestreo se realizará con base en los procedimientos y tablas estipuladas en la norma NTC ISO 2859-1 utilizando un nivel especial de
       <a class=""externalLink glosarioLink use-ajax"" data-dialog-type=""modal"" href=""/taxonomy/term/200/definition"" id=""version-235"">
        inspección
       </a>
       S1 y un nivel de aceptación de 2,5%.
       <br/>
<br/>
       Solo para la prueba de Impermeabilidad de las uniones se realizará a una
       <a class=""externalLink glosarioLink use-ajax"" data-dialog-type=""modal"" href=""/taxonomy/term/253/definition"" id=""version-288"">
        muestra
       </a>
       por referencia que haga parte de la solicitud de
       <a class=""externalLink glosarioLink use-ajax"" data-dialog-type=""modal"" href=""/taxonomy/term/200/definition"" id=""version-235"">
        inspección
       </a>
       . Si ésta es no conforme (NC) se rechazará el
       <a class=""externalLink glosarioLink use-ajax"" data-dialog-type=""modal"" href=""/taxonomy/term/229/definition"" id=""version-264"">
        lote
       </a>
       .
       <br/>
<br/>
<h2 id=""heading_16"">
        11. REQUISITOS DE LAS OFERTAS
       </h2>
       El Oferente debe incluir con su propuesta, la siguiente información:
       <br/>
<br/>
       -	Planilla de características técnicas garantizadas, la cual deberá ser diligenciada completamente, firmada y sellada por el oferente.
       <br/>
       -	Catálogos originales completos y actualizados del fabricante, que correspondan a los bienes cotizados, en la planilla de características técnicas garantizadas.
       <br/>
       -	Protocolos de pruebas de acuerdo con lo indicado en el numeral 7 de la presente especificación.
       <br/>
       -	Copia de los Certificados de
       <a class=""externalLink glosarioLink use-ajax"" data-dialog-type=""modal"" href=""/taxonomy/term/106/definition"" id=""version-139"">
        conformidad
       </a>
       de
       <a class=""externalLink glosarioLink use-ajax"" data-dialog-type=""modal"" href=""/taxonomy/term/299/definition"" id=""version-338"">
        producto
       </a>
       y del
       <a class=""externalLink glosarioLink use-ajax"" data-dialog-type=""modal"" href=""/taxonomy/term/324/definition"" id=""version-363"">
        Sistema
       </a>
       de
       <a class=""externalLink glosarioLink use-ajax"" data-dialog-type=""modal"" href=""/taxonomy/term/79/definition"" id=""version-112"">
        Calidad
       </a>
       .
       <br/>
       -	Información adicional que considere aporta explicación a su diseño (dibujos, detalles, características de operación, dimensiones y pesos de los materiales ofertados).
       <br/>
<br/>
       Enel podrá descartar ofertas que no cumplan con las anteriores disposiciones, sin expresión de causa ni obligación de compensación.
       <br/>
<br/>
<h2 id=""heading_17"">
        12.  GARANTÍA DE FABRICA
       </h2>
       Enel requiere como mínimo, un período de garantía de fábrica de veinticuatro (24) meses, a partir de la entrega de los ductos.
       <br/>
<h2 id=""heading_18"">
        13.
        <a class=""externalLink glosarioLink use-ajax"" data-dialog-type=""modal"" href=""/taxonomy/term/93/definition"" id=""version-126"">
         CERTIFICADO DE CONFORMIDAD
        </a>
        DE
        <a class=""externalLink glosarioLink use-ajax"" data-dialog-type=""modal"" href=""/taxonomy/term/299/definition"" id=""version-338"">
         PRODUCTO
        </a>
</h2>
       El oferente adjuntará con su propuesta el “
       <a class=""externalLink glosarioLink use-ajax"" data-dialog-type=""modal"" href=""/taxonomy/term/93/definition"" id=""version-126"">
        certificado de conformidad
       </a>
       de
       <a class=""externalLink glosarioLink use-ajax"" data-dialog-type=""modal"" href=""/taxonomy/term/299/definition"" id=""version-338"">
        Producto
       </a>
       ”, expedido por una entidad autorizada por la Superintendencia de Industria y Comercio.
       <br/>
<h2 id=""heading_19"">
        ANEXO 1. CARACTERÍSTICAS TÉCNICAS GARANTIZADAS
       </h2>
<div style=""width:905px;"">
<table>
<tr>
<td colspan=""2"" rowspan=""1"" style=""width:456px;height:22px;text-align:center"">
<b>
            DESCRIPCIÓN
           </b>
</td>
<td colspan=""1"" rowspan=""1"" style=""width:268px;text-align:center"">
<b>
            SOLICITADO
           </b>
</td>
<td colspan=""1"" rowspan=""1"" style=""width:181px;text-align:center"">
<b>
            OFERTADO
           </b>
</td>
</tr>
<tr>
<td colspan=""2"" rowspan=""1"" style=""height:21px;"">
           Fabricante
          </td>
<td colspan=""1"" rowspan=""1"" style=""text-align:center"">
</td>
<td colspan=""1"" rowspan=""1"" style=""text-align:center"">
</td>
</tr>
<tr>
<td colspan=""2"" rowspan=""1"" style=""height:21px;"">
           Normas de fabricación y pruebas
          </td>
<td colspan=""1"" rowspan=""1"" style=""text-align:center"">
           NTC 3363, ET609
          </td>
<td colspan=""1"" rowspan=""1"" style=""text-align:center"">
</td>
</tr>
<tr>
<td colspan=""2"" rowspan=""1"" style=""height:21px;"">
           Material
          </td>
<td colspan=""1"" rowspan=""1"" style=""text-align:center"">
           PVC
          </td>
<td colspan=""1"" rowspan=""1"" style=""text-align:center"">
</td>
</tr>
<tr>
<td colspan=""2"" rowspan=""1"" style=""height:21px;"">
           Cumple con las Normas indicadas
          </td>
<td colspan=""1"" rowspan=""1"" style=""text-align:center"">
</td>
<td colspan=""1"" rowspan=""1"" style=""text-align:center"">
</td>
</tr>
<tr>
<td colspan=""2"" rowspan=""1"" style=""height:21px;"">
</td>
<td colspan=""1"" rowspan=""1"" style=""text-align:center"">
</td>
<td colspan=""1"" rowspan=""1"" style=""text-align:center"">
</td>
</tr>
<tr>
<td colspan=""2"" rowspan=""1"" style=""height:21px;"">
           Método de fabricación
          </td>
<td colspan=""1"" rowspan=""1"" style=""text-align:center"">
</td>
<td colspan=""1"" rowspan=""1"" style=""text-align:center"">
</td>
</tr>
<tr>
<td colspan=""2"" rowspan=""1"" style=""height:21px;"">
           DIMENSIONES DUCTO
          </td>
<td colspan=""1"" rowspan=""1"" style=""text-align:center"">
</td>
<td colspan=""1"" rowspan=""1"" style=""text-align:center"">
</td>
</tr>
<tr>
<td colspan=""2"" rowspan=""1"" style=""height:21px;"">
           Longitud (m)
          </td>
<td colspan=""1"" rowspan=""1"" style=""text-align:center"">
</td>
<td colspan=""1"" rowspan=""1"" style=""text-align:center"">
</td>
</tr>
<tr>
<td colspan=""2"" rowspan=""1"" style=""height:21px;"">
           Diámetro Nominal (mm)
          </td>
<td colspan=""1"" rowspan=""1"" style=""text-align:center"">
</td>
<td colspan=""1"" rowspan=""1"" style=""text-align:center"">
</td>
</tr>
<tr>
<td colspan=""2"" rowspan=""1"" style=""height:21px;"">
           Diámetro Exterior (mm)
          </td>
<td colspan=""1"" rowspan=""1"" style=""text-align:center"">
</td>
<td colspan=""1"" rowspan=""1"" style=""text-align:center"">
</td>
</tr>
<tr>
<td colspan=""2"" rowspan=""1"" style=""height:21px;"">
           Diámetro interior mínimo (mm)
          </td>
<td colspan=""1"" rowspan=""1"" style=""text-align:center"">
</td>
<td colspan=""1"" rowspan=""1"" style=""text-align:center"">
</td>
</tr>
<tr>
<td colspan=""2"" rowspan=""1"" style=""height:21px;"">
           Ovalamiento máximo
          </td>
<td colspan=""1"" rowspan=""1"" style=""text-align:center"">
</td>
<td colspan=""1"" rowspan=""1"" style=""text-align:center"">
</td>
</tr>
<tr>
<td colspan=""2"" rowspan=""1"" style=""height:21px;"">
           Espesor mínimo pared exterior (mm)
          </td>
<td colspan=""1"" rowspan=""1"" style=""text-align:center"">
</td>
<td colspan=""1"" rowspan=""1"" style=""text-align:center"">
</td>
</tr>
<tr>
<td colspan=""2"" rowspan=""1"" style=""height:21px;"">
           Espesor mínimo pared interior (mm)
          </td>
<td colspan=""1"" rowspan=""1"" style=""text-align:center"">
</td>
<td colspan=""1"" rowspan=""1"" style=""text-align:center"">
</td>
</tr>
<tr>
<td colspan=""2"" rowspan=""1"" style=""height:21px;"">
           Espesor mínimo pared del valle (mm)
          </td>
<td colspan=""1"" rowspan=""1"" style=""text-align:center"">
</td>
<td colspan=""1"" rowspan=""1"" style=""text-align:center"">
</td>
</tr>
<tr>
<td colspan=""2"" rowspan=""1"" style=""height:21px;"">
           Longitud de campana (mm)
          </td>
<td colspan=""1"" rowspan=""1"" style=""text-align:center"">
</td>
<td colspan=""1"" rowspan=""1"" style=""text-align:center"">
</td>
</tr>
<tr>
<td colspan=""2"" rowspan=""1"" style=""height:21px;"">
           Peso
          </td>
<td colspan=""1"" rowspan=""1"" style=""text-align:center"">
           Inf. Fabricante
          </td>
<td colspan=""1"" rowspan=""1"" style=""text-align:center"">
</td>
</tr>
<tr>
<td colspan=""2"" rowspan=""1"" style=""height:21px;"">
           Cumple con las marcaciones solicitadas
          </td>
<td colspan=""1"" rowspan=""1"" style=""text-align:center"">
</td>
<td colspan=""1"" rowspan=""1"" style=""text-align:center"">
</td>
</tr>
<tr>
<td colspan=""2"" rowspan=""1"" style=""height:22px;"">
<b>
            EVALUACIÓN TÉCNICA
           </b>
</td>
<td colspan=""1"" rowspan=""1"" style=""text-align:center"">
</td>
<td colspan=""1"" rowspan=""1"" style=""text-align:center"">
</td>
</tr>
<tr>
<td colspan=""1"" rowspan=""4"" style=""height:41px;"">
<a class=""externalLink glosarioLink use-ajax"" data-dialog-type=""modal"" href=""/taxonomy/term/93/definition"" id=""version-126"">
            certificado de conformidad
           </a>
           del Sistema de Gestión de la Calidad bajo ISO 9001
          </td>
<td colspan=""1"" rowspan=""1"" style="""">
           Certificado #
          </td>
<td colspan=""1"" rowspan=""1"" style=""text-align:center"">
</td>
<td colspan=""1"" rowspan=""1"" style=""text-align:center"">
</td>
</tr>
<tr>
<td colspan=""1"" rowspan=""1"" style=""height:22px;"">
           Certificador
          </td>
<td colspan=""1"" rowspan=""1"" style=""text-align:center"">
</td>
<td colspan=""1"" rowspan=""1"" style=""text-align:center"">
</td>
</tr>
<tr>
<td colspan=""1"" rowspan=""1"" style=""height:41px;"">
           Fecha emisión
          </td>
<td colspan=""1"" rowspan=""1"" style=""text-align:center"">
</td>
<td colspan=""1"" rowspan=""1"" style=""text-align:center"">
</td>
</tr>
<tr>
<td colspan=""1"" rowspan=""1"" style=""height:22px;"">
           Vigencia
          </td>
<td colspan=""1"" rowspan=""1"" style=""text-align:center"">
</td>
<td colspan=""1"" rowspan=""1"" style=""text-align:center"">
</td>
</tr>
<tr>
<td colspan=""1"" rowspan=""4"" style=""height:41px;"">
<a class=""externalLink glosarioLink use-ajax"" data-dialog-type=""modal"" href=""/taxonomy/term/93/definition"" id=""version-126"">
            certificado de conformidad
           </a>
           de Producto bajo RETIE
          </td>
<td colspan=""1"" rowspan=""1"" style="""">
           Certificado #
          </td>
<td colspan=""1"" rowspan=""1"" style=""text-align:center"">
</td>
<td colspan=""1"" rowspan=""1"" style=""text-align:center"">
</td>
</tr>
<tr>
<td colspan=""1"" rowspan=""1"" style=""height:22px;"">
           Certificador
          </td>
<td colspan=""1"" rowspan=""1"" style=""text-align:center"">
</td>
<td colspan=""1"" rowspan=""1"" style=""text-align:center"">
</td>
</tr>
<tr>
<td colspan=""1"" rowspan=""1"" style=""height:41px;"">
           Fecha emisión
          </td>
<td colspan=""1"" rowspan=""1"" style=""text-align:center"">
</td>
<td colspan=""1"" rowspan=""1"" style=""text-align:center"">
</td>
</tr>
<tr>
<td colspan=""1"" rowspan=""1"" style=""height:22px;"">
           Vigencia
          </td>
<td colspan=""1"" rowspan=""1"" style=""text-align:center"">
</td>
<td colspan=""1"" rowspan=""1"" style=""text-align:center"">
</td>
</tr>
<tr>
<td colspan=""1"" rowspan=""3"" style=""height:22px;"">
</td>
<td colspan=""1"" rowspan=""1"" style="""">
</td>
<td colspan=""1"" rowspan=""1"" style=""text-align:center"">
</td>
<td colspan=""1"" rowspan=""1"" style=""text-align:center"">
</td>
</tr>
<tr>
<td colspan=""1"" rowspan=""1"" style=""height:22px;"">
</td>
<td colspan=""1"" rowspan=""1"" style=""text-align:center"">
</td>
<td colspan=""1"" rowspan=""1"" style=""text-align:center"">
</td>
</tr>
<tr>
<td colspan=""1"" rowspan=""1"" style=""height:22px;"">
</td>
<td colspan=""1"" rowspan=""1"" style=""text-align:center"">
</td>
<td colspan=""1"" rowspan=""1"" style=""text-align:center"">
</td>
</tr>
<tr>
<td colspan=""2"" rowspan=""1"" style=""height:22px;"">
<b>
            EVALUACIÓN REGULATORIA
           </b>
</td>
<td colspan=""1"" rowspan=""1"" style=""text-align:center"">
</td>
<td colspan=""1"" rowspan=""1"" style=""text-align:center"">
</td>
</tr>
</table>
<br/>
</div>
<br/>
       CAMPANA
       <br/>
<br/>
<div style=""width:905px;"">
<table>
<tr>
<td colspan=""2"" rowspan=""1"" style=""width:456px;height:22px;text-align:center"">
<b>
            DESCRIPCIÓN
           </b>
</td>
<td colspan=""1"" rowspan=""1"" style=""width:268px;text-align:center"">
<b>
            SOLICITADO
           </b>
</td>
<td colspan=""1"" rowspan=""1"" style=""width:181px;text-align:center"">
<b>
            OFERTADO
           </b>
</td>
</tr>
<tr>
<td colspan=""2"" rowspan=""1"" style=""height:21px;"">
           Fabricante
          </td>
<td colspan=""1"" rowspan=""1"" style=""text-align:center"">
</td>
<td colspan=""1"" rowspan=""1"" style=""text-align:center"">
</td>
</tr>
<tr>
<td colspan=""2"" rowspan=""1"" style=""height:21px;"">
           Normas de fabricación y pruebas
          </td>
<td colspan=""1"" rowspan=""1"" style=""text-align:center"">
           NTC 5442, ET609
          </td>
<td colspan=""1"" rowspan=""1"" style=""text-align:center"">
</td>
</tr>
<tr>
<td colspan=""2"" rowspan=""1"" style=""height:21px;"">
           Material
          </td>
<td colspan=""1"" rowspan=""1"" style=""text-align:center"">
           PVC
          </td>
<td colspan=""1"" rowspan=""1"" style=""text-align:center"">
</td>
</tr>
<tr>
<td colspan=""2"" rowspan=""1"" style=""height:21px;"">
           Cumple con las Normas indicadas
          </td>
<td colspan=""1"" rowspan=""1"" style=""text-align:center"">
</td>
<td colspan=""1"" rowspan=""1"" style=""text-align:center"">
</td>
</tr>
<tr>
<td colspan=""2"" rowspan=""1"" style=""height:21px;"">
           Método de fabricación
          </td>
<td colspan=""1"" rowspan=""1"" style=""text-align:center"">
</td>
<td colspan=""1"" rowspan=""1"" style=""text-align:center"">
</td>
</tr>
<tr>
<td colspan=""2"" rowspan=""1"" style=""height:21px;"">
           DIMENSIONES CAMPANA
          </td>
<td colspan=""1"" rowspan=""1"" style=""text-align:center"">
</td>
<td colspan=""1"" rowspan=""1"" style=""text-align:center"">
</td>
</tr>
<tr>
<td colspan=""2"" rowspan=""1"" style=""height:21px;"">
           Diámetro de entrada A(mm)
          </td>
<td colspan=""1"" rowspan=""1"" style=""text-align:center"">
</td>
<td colspan=""1"" rowspan=""1"" style=""text-align:center"">
</td>
</tr>
<tr>
<td colspan=""2"" rowspan=""1"" style=""height:21px;"">
           Diámetro del fondo B(mm)
          </td>
<td colspan=""1"" rowspan=""1"" style=""text-align:center"">
</td>
<td colspan=""1"" rowspan=""1"" style=""text-align:center"">
</td>
</tr>
<tr>
<td colspan=""2"" rowspan=""1"" style=""height:21px;"">
           Longitud de campana C(mm)
          </td>
<td colspan=""1"" rowspan=""1"" style=""text-align:center"">
</td>
<td colspan=""1"" rowspan=""1"" style=""text-align:center"">
</td>
</tr>
<tr>
<td colspan=""2"" rowspan=""1"" style=""height:21px;"">
           Peso
          </td>
<td colspan=""1"" rowspan=""1"" style=""text-align:center"">
           Inf. Fabricante
          </td>
<td colspan=""1"" rowspan=""1"" style=""text-align:center"">
</td>
</tr>
<tr>
<td colspan=""2"" rowspan=""1"" style=""height:21px;"">
           Cumple con las marcaciones solicitadas
          </td>
<td colspan=""1"" rowspan=""1"" style=""text-align:center"">
</td>
<td colspan=""1"" rowspan=""1"" style=""text-align:center"">
</td>
</tr>
<tr>
<td colspan=""2"" rowspan=""1"" style=""height:22px;"">
<b>
            EVALUACIÓN TÉCNICA
           </b>
</td>
<td colspan=""1"" rowspan=""1"" style=""text-align:center"">
</td>
<td colspan=""1"" rowspan=""1"" style=""text-align:center"">
</td>
</tr>
<tr>
<td colspan=""1"" rowspan=""4"" style=""height:41px;"">
<a class=""externalLink glosarioLink use-ajax"" data-dialog-type=""modal"" href=""/taxonomy/term/93/definition"" id=""version-126"">
            certificado de conformidad
           </a>
           del Sistema de Gestión de la Calidad bajo ISO 9001
          </td>
<td colspan=""1"" rowspan=""1"" style="""">
           Certificado #
          </td>
<td colspan=""1"" rowspan=""1"" style=""text-align:center"">
</td>
<td colspan=""1"" rowspan=""1"" style=""text-align:center"">
</td>
</tr>
<tr>
<td colspan=""1"" rowspan=""1"" style=""height:22px;"">
           Certificador
          </td>
<td colspan=""1"" rowspan=""1"" style=""text-align:center"">
</td>
<td colspan=""1"" rowspan=""1"" style=""text-align:center"">
</td>
</tr>
<tr>
<td colspan=""1"" rowspan=""1"" style=""height:41px;"">
           Fecha emisión
          </td>
<td colspan=""1"" rowspan=""1"" style=""text-align:center"">
</td>
<td colspan=""1"" rowspan=""1"" style=""text-align:center"">
</td>
</tr>
<tr>
<td colspan=""1"" rowspan=""1"" style=""height:22px;"">
           Vigencia
          </td>
<td colspan=""1"" rowspan=""1"" style=""text-align:center"">
</td>
<td colspan=""1"" rowspan=""1"" style=""text-align:center"">
</td>
</tr>
<tr>
<td colspan=""1"" rowspan=""4"" style=""height:41px;"">
<a class=""externalLink glosarioLink use-ajax"" data-dialog-type=""modal"" href=""/taxonomy/term/93/definition"" id=""version-126"">
            certificado de conformidad
           </a>
           de Producto bajo RETIE
          </td>
<td colspan=""1"" rowspan=""1"" style="""">
           Certificado #
          </td>
<td colspan=""1"" rowspan=""1"" style=""text-align:center"">
</td>
<td colspan=""1"" rowspan=""1"" style=""text-align:center"">
</td>
</tr>
<tr>
<td colspan=""1"" rowspan=""1"" style=""height:22px;"">
           Certificador
          </td>
<td colspan=""1"" rowspan=""1"" style=""text-align:center"">
</td>
<td colspan=""1"" rowspan=""1"" style=""text-align:center"">
</td>
</tr>
<tr>
<td colspan=""1"" rowspan=""1"" style=""height:41px;"">
           Fecha emisión
          </td>
<td colspan=""1"" rowspan=""1"" style=""text-align:center"">
</td>
<td colspan=""1"" rowspan=""1"" style=""text-align:center"">
</td>
</tr>
<tr>
<td colspan=""1"" rowspan=""1"" style=""height:22px;"">
           Vigencia
          </td>
<td colspan=""1"" rowspan=""1"" style=""text-align:center"">
</td>
<td colspan=""1"" rowspan=""1"" style=""text-align:center"">
</td>
</tr>
<tr>
<td colspan=""2"" rowspan=""1"" style=""height:22px;"">
<b>
            EVALUACIÓN REGULATORIA
           </b>
</td>
<td colspan=""1"" rowspan=""1"" style=""text-align:center"">
</td>
<td colspan=""1"" rowspan=""1"" style=""text-align:center"">
</td>
</tr>
</table>
<br/>
</div>
</div>
<div class=""streamgrouped"" id=""streamgrouped"">

</div>
</div>

</div>",CAJAS INSPECCION DUCTOS ACCESORIOS
ET 608,ET608 Ductos conduit livianos de pvc,07/07/1999,"<div class=""contenido"">


<div class=""internas"">


<div class=""caja_texto wikiformat"">

<div style=""clear:left;"">
</div>
<h2 id=""heading_0"">
        1.	REQUISITOS GENERALES
       </h2>
<h3 id=""heading_1"">
        1.1	 Condiciones de servicio
       </h3>
       Los ductos de que trata esta especificación serán instalados en el
       <a class=""externalLink glosarioLink use-ajax"" data-dialog-type=""modal"" href=""/taxonomy/term/324/definition"" id=""version-363"">
        sistema
       </a>
       de acometidas y puestas a
       <a class=""externalLink glosarioLink use-ajax"" data-dialog-type=""modal"" href=""/taxonomy/term/348/definition"" id=""version-387"">
        tierra
       </a>
       de distribución secundaria de Enel Colombia S.A. E.S.P., de acuerdo con las siguientes condiciones generales del
       <a class=""externalLink glosarioLink use-ajax"" data-dialog-type=""modal"" href=""/taxonomy/term/324/definition"" id=""version-363"">
        sistema
       </a>
       :
       <br/>
<br/>
<b>
        1.1.1	 Condiciones ambientales
       </b>
<br/>
<br/>
       - Altura sobre el nivel del mar: 2640 m
       <br/>
       - Humedad relativa: 90%
       <br/>
       - Temperatura ambiente máxima: 27 °C
       <br/>
       - Temperatura ambiente mínima: -5 °C
       <br/>
       - Temperatura ambiente promedio: 14 °C
       <br/>
<br/>
<b>
        1.1.2	 Características eléctricas del
        <a class=""externalLink glosarioLink use-ajax"" data-dialog-type=""modal"" href=""/taxonomy/term/324/definition"" id=""version-363"">
         sistema
        </a>
</b>
<br/>
<br/>
       -
       <a class=""externalLink glosarioLink use-ajax"" data-dialog-type=""modal"" href=""/taxonomy/term/345/definition"" id=""version-384"">
        Tensión nominal
       </a>
       máxima: 208 V /120 V – 120 V /240 V
       <br/>
<br/>
<b>
        1.1.3	 Condiciones de instalación
       </b>
<br/>
<br/>
       - Uso dentro de edificaciones y en concreto
       <br/>
<h3 id=""heading_2"">
        1.2	 Ductos normalizados
       </h3>
       Los ductos deberán ser de poli(cloruro de vinilo) (PVC) rígido, del tipo liviano (TL), para proteger conductores eléctricos aislados, para ser usados con alambrado hasta una temperatura de 75 ºC.
       <br/>
<br/>
       Los ductos normalizados por la Empresa son:
       <br/>
<br/>
       - 1/2""
       <br/>
       - 3/4""
       <br/>
       - 1""
       <br/>
<h3 id=""heading_3"">
        1.3	Normas de fabricación y pruebas
       </h3>
       El ducto y sus componentes, deben estar de acuerdo con los requerimientos de la última revisión de las siguientes normas (donde sean aplicables):
       <br/>
<br/>
       •	ICONTEC NTC 979 – Plásticos. Tubos y curvas de poli(cloruro de vinilo) (PVC) rígido para alojar y proteger conductores eléctricos aislados
       <br/>
       •	ICONTEC NTC 369 – Especificaciones para compuestos rígidos de polímeros de cloruro de vinilo (PVC, CPVC y copolímeros)
       <br/>
       •	ICONTEC NTC 576 – Cementos solventes para tubos y accesorios de PVC
       <br/>
       •	ICONTEC NTC 595 – Plásticos. Determinación de las propiedades de tensión
       <br/>
       •	ICONTEC NTC 1125 – Plásticos. Determinación de la resistencia al impacto de tubos y accesorios termoplásticos por medio de una baliza (peso en caída)
       <br/>
       •	ICONTEC NTC-ISO 2859-1 – Procedimientos de muestreo para
       <a class=""externalLink glosarioLink use-ajax"" data-dialog-type=""modal"" href=""/taxonomy/term/200/definition"" id=""version-235"">
        inspección
       </a>
       por atributos. Parte 1. Planes de muestreo determinados por el nivel aceptable de
       <a class=""externalLink glosarioLink use-ajax"" data-dialog-type=""modal"" href=""/taxonomy/term/79/definition"" id=""version-112"">
        calidad
       </a>
       (NAC) para
       <a class=""externalLink glosarioLink use-ajax"" data-dialog-type=""modal"" href=""/taxonomy/term/200/definition"" id=""version-235"">
        inspección
       </a>
<a class=""externalLink glosarioLink use-ajax"" data-dialog-type=""modal"" href=""/taxonomy/term/229/definition"" id=""version-264"">
        lote
       </a>
       a
       <a class=""externalLink glosarioLink use-ajax"" data-dialog-type=""modal"" href=""/taxonomy/term/229/definition"" id=""version-264"">
        lote
       </a>
<br/>
       •	ICONTEC NTC-ISO 2859-2 – Procedimientos de muestreo para
       <a class=""externalLink glosarioLink use-ajax"" data-dialog-type=""modal"" href=""/taxonomy/term/200/definition"" id=""version-235"">
        inspección
       </a>
       por atributos. Parte 3. Planes de muestreo determinados para la
       <a class=""externalLink glosarioLink use-ajax"" data-dialog-type=""modal"" href=""/taxonomy/term/79/definition"" id=""version-112"">
        calidad
       </a>
       límite para la
       <a class=""externalLink glosarioLink use-ajax"" data-dialog-type=""modal"" href=""/taxonomy/term/200/definition"" id=""version-235"">
        inspección
       </a>
       de un
       <a class=""externalLink glosarioLink use-ajax"" data-dialog-type=""modal"" href=""/taxonomy/term/229/definition"" id=""version-264"">
        lote
       </a>
       aislado
       <br/>
       •	ICONTEC NTC-ISO 2859-3 – Procedimientos de muestreo para
       <a class=""externalLink glosarioLink use-ajax"" data-dialog-type=""modal"" href=""/taxonomy/term/200/definition"" id=""version-235"">
        inspección
       </a>
       por atributos. Parte 3. Procedimientos de muestreo intermitentes
       <br/>
       •	ICONTEC NTC 2983 – Plásticos. Determinación del grado de ablandamiento de tubería de poli(cloruro de vinilo) (PVC) extruído y accesorios moldeados por inmersión en acetona
       <br/>
       •	ICONTEC NTC 3254 – Plásticos. Determinación de de las características de carga exterior de tubería plástica por medio de platos paralelos
       <br/>
       •	ICONTEC NTC 3358 – Plásticos. Determinación de las dimensiones de tubería y accesorios termoplásticos
       <br/>
       •	ICONTEC NTC-ISO 3951 – Procedimientos de muestreo y gráficos de
       <a class=""externalLink glosarioLink use-ajax"" data-dialog-type=""modal"" href=""/taxonomy/term/200/definition"" id=""version-235"">
        inspección
       </a>
       por variables para porcentaje no conforme
       <br/>
<h2 id=""heading_4"">
        2.	REQUISITOS TÉCNICOS PARTICULARES
       </h2>
       El ducto y sus componentes deberán cumplir con las características y ensayos dadas en la norma ICONTEC NTC 979, y con las características generales dadas en las Tablas No. 1, No. 2 y No. 3.
       <br/>
<h3 id=""heading_5"">
        2.1	 Marcación de los ductos
       </h3>
       Los ductos deberán llevar estampado, como mínimo, un rótulo legible en el que aparezcan las siguientes indicaciones:
       <br/>
<br/>
       - La sigla PVC
       <br/>
       - Tipo de ducto, con las iniciales “TL”
       <br/>
       - El diámetro
       <a class=""externalLink glosarioLink use-ajax"" data-dialog-type=""modal"" href=""/taxonomy/term/259/definition"" id=""version-298"">
        nominal
       </a>
       del ducto en mm y en pulgadas
       <br/>
       - La leyenda “conduit”
       <br/>
       - Nombre del fabricante o la marca de fábrica
       <br/>
       - Fecha de fabricación (día, mes, año) o identificación del lote de fabricación
       <br/>
       - Enel Colombia S.A. ESP – Código SAP
       <br/>
       - Número de pedido y/o contrato
       <br/>
       - País de orígen
       <br/>
<br/>
       Las curvas deberán tener la siguiente información legible en la unidad de empaque o en el
       <a class=""externalLink glosarioLink use-ajax"" data-dialog-type=""modal"" href=""/taxonomy/term/299/definition"" id=""version-338"">
        producto
       </a>
       :
       <br/>
<br/>
       - Nombre del fabricante o la marca de fábrica
       <br/>
       - Fecha de fabricación (día, mes, año) o identificación del
       <a class=""externalLink glosarioLink use-ajax"" data-dialog-type=""modal"" href=""/taxonomy/term/229/definition"" id=""version-264"">
        lote
       </a>
       de fabricación
       <br/>
       - Enel Colombia S.A. ESP – Código SAP
       <br/>
       - Número de pedido y/o contrato
       <br/>
       - País de orígen
       <br/>
       - Diámetro
       <a class=""externalLink glosarioLink use-ajax"" data-dialog-type=""modal"" href=""/taxonomy/term/259/definition"" id=""version-298"">
        nominal
       </a>
       en mm y en pulgadas
       <br/>
       - Grado de curvatura
       <br/>
<div style=""width:618px;"">
<table>
<tr>
<td colspan=""1"" rowspan=""1"" style=""width:144px;height:10px;text-align:center"">
<b>
            Tamaño
            <a class=""externalLink glosarioLink use-ajax"" data-dialog-type=""modal"" href=""/taxonomy/term/259/definition"" id=""version-298"">
             Nominal
            </a>
            o Comercial del Ducto
           </b>
</td>
<td colspan=""1"" rowspan=""1"" style=""width:81px;text-align:center"">
<b>
            Tipo de Ducto
           </b>
</td>
<td colspan=""1"" rowspan=""1"" style=""width:92px;text-align:center"">
<b>
            Código SAP Tubo
           </b>
</td>
<td colspan=""1"" rowspan=""1"" style=""width:104px;text-align:center"">
<b>
            Código SAP Curva
           </b>
</td>
<td colspan=""1"" rowspan=""1"" style=""width:97px;text-align:center"">
<b>
            Código SAP Unión
           </b>
</td>
<td colspan=""1"" rowspan=""1"" style=""width:100px;text-align:center"">
<b>
            Código SAP Boquilla
           </b>
</td>
</tr>
<tr>
<td colspan=""1"" rowspan=""1"" style=""height:10px;text-align:center"">
           1/2""
          </td>
<td colspan=""1"" rowspan=""1"" style=""text-align:center"">
           PVC
          </td>
<td colspan=""1"" rowspan=""1"" style=""text-align:center"">
           1003828
          </td>
<td colspan=""1"" rowspan=""1"" style=""text-align:center"">
</td>
<td colspan=""1"" rowspan=""1"" style=""text-align:center"">
</td>
<td colspan=""1"" rowspan=""1"" style=""text-align:center"">
</td>
</tr>
<tr>
<td colspan=""1"" rowspan=""1"" style=""height:10px;text-align:center"">
           3/4""
          </td>
<td colspan=""1"" rowspan=""1"" style=""text-align:center"">
           PVC
          </td>
<td colspan=""1"" rowspan=""1"" style=""text-align:center"">
</td>
<td colspan=""1"" rowspan=""1"" style=""text-align:center"">
</td>
<td colspan=""1"" rowspan=""1"" style=""text-align:center"">
</td>
<td colspan=""1"" rowspan=""1"" style=""text-align:center"">
</td>
</tr>
<tr>
<td colspan=""1"" rowspan=""1"" style=""height:10px;text-align:center"">
           1""
          </td>
<td colspan=""1"" rowspan=""1"" style=""text-align:center"">
           PVC
          </td>
<td colspan=""1"" rowspan=""1"" style=""text-align:center"">
</td>
<td colspan=""1"" rowspan=""1"" style=""text-align:center"">
</td>
<td colspan=""1"" rowspan=""1"" style=""text-align:center"">
</td>
<td colspan=""1"" rowspan=""1"" style=""text-align:center"">
</td>
</tr>
<tr>
<td colspan=""1"" rowspan=""1"" style=""height:10px;text-align:center"">
</td>
<td colspan=""1"" rowspan=""1"" style=""text-align:center"">
</td>
<td colspan=""1"" rowspan=""1"" style=""text-align:center"">
</td>
<td colspan=""1"" rowspan=""1"" style=""text-align:center"">
</td>
<td colspan=""1"" rowspan=""1"" style=""text-align:center"">
</td>
<td colspan=""1"" rowspan=""1"" style=""text-align:center"">
</td>
</tr>
</table>
<br/>
</div>
<b>
        Tabla No. 1
       </b>
<br/>
<b>
        Requisitos generales del ducto conduit liviano de PVC
       </b>
<br/>
<div style=""width:504px;"">
<table>
<tr>
<td colspan=""6"" rowspan=""1"" style=""width:504px;height:10px;text-align:center"">
<b>
            Ducto de PVC
           </b>
</td>
</tr>
<tr>
<td colspan=""4"" rowspan=""1"" style=""height:10px;text-align:center"">
<b>
<a class=""externalLink glosarioLink use-ajax"" data-dialog-type=""modal"" href=""/taxonomy/term/239/definition"" id=""version-274"">
             Material
            </a>
</b>
</td>
<td colspan=""2"" rowspan=""1"" style=""text-align:center"">
<b>
            Poli(cloruro de vinilo) rígido
           </b>
</td>
</tr>
<tr>
<td colspan=""2"" rowspan=""1"" style=""height:10px;text-align:center"">
<b>
            Diámetro
            <a class=""externalLink glosarioLink use-ajax"" data-dialog-type=""modal"" href=""/taxonomy/term/259/definition"" id=""version-298"">
             nominal
            </a>
</b>
</td>
<td colspan=""2"" rowspan=""1"" style=""text-align:center"">
<b>
            Diámetro exterior en mm
           </b>
</td>
<td colspan=""1"" rowspan=""1"" style=""text-align:center"">
<b>
            Espesor mínimo de pared
           </b>
</td>
<td colspan=""1"" rowspan=""1"" style=""text-align:center"">
<b>
            Ovalamiento máximo
           </b>
</td>
</tr>
<tr>
<td colspan=""1"" rowspan=""1"" style=""height:10px;text-align:center"">
<b>
            Pulgadas
           </b>
</td>
<td colspan=""1"" rowspan=""1"" style=""text-align:center"">
<b>
            mm
           </b>
</td>
<td colspan=""1"" rowspan=""1"" style=""text-align:center"">
<b>
            Promedio
           </b>
</td>
<td colspan=""1"" rowspan=""1"" style=""text-align:center"">
<b>
            Tolerancia
           </b>
</td>
<td colspan=""1"" rowspan=""1"" style=""text-align:center"">
<b>
            mm
           </b>
</td>
<td colspan=""1"" rowspan=""1"" style=""text-align:center"">
<b>
            mm
           </b>
</td>
</tr>
<tr>
<td colspan=""1"" rowspan=""1"" style=""height:10px;text-align:center"">
           1/2
          </td>
<td colspan=""1"" rowspan=""1"" style=""text-align:center"">
           21
          </td>
<td colspan=""1"" rowspan=""1"" style=""text-align:center"">
           21,34
          </td>
<td colspan=""1"" rowspan=""1"" style=""text-align:center"">
           ± 0,10
          </td>
<td colspan=""1"" rowspan=""1"" style=""text-align:center"">
           1,52 + 0,51
          </td>
<td colspan=""1"" rowspan=""1"" style=""text-align:center"">
           0,41
          </td>
</tr>
<tr>
<td colspan=""1"" rowspan=""1"" style=""height:10px;text-align:center"">
           3/4
          </td>
<td colspan=""1"" rowspan=""1"" style=""text-align:center"">
           26
          </td>
<td colspan=""1"" rowspan=""1"" style=""text-align:center"">
           26,67
          </td>
<td colspan=""1"" rowspan=""1"" style=""text-align:center"">
           ± 0,10
          </td>
<td colspan=""1"" rowspan=""1"" style=""text-align:center"">
           1,52 + 0,51
          </td>
<td colspan=""1"" rowspan=""1"" style=""text-align:center"">
           0,51
          </td>
</tr>
<tr>
<td colspan=""1"" rowspan=""1"" style=""height:10px;text-align:center"">
           1
          </td>
<td colspan=""1"" rowspan=""1"" style=""text-align:center"">
           33
          </td>
<td colspan=""1"" rowspan=""1"" style=""text-align:center"">
           33,40
          </td>
<td colspan=""1"" rowspan=""1"" style=""text-align:center"">
           ± 0,13
          </td>
<td colspan=""1"" rowspan=""1"" style=""text-align:center"">
           1,52 + 0,51
          </td>
<td colspan=""1"" rowspan=""1"" style=""text-align:center"">
           0,51
          </td>
</tr>
</table>
<br/>
</div>
<b>
        Tabla No. 2
       </b>
<br/>
<b>
        Requisitos generales de las campanas
       </b>
<br/>
<div style=""width:729px;"">
<table>
<tr>
<td colspan=""9"" rowspan=""1"" style=""width:729px;height:10px;text-align:center"">
<b>
            Campanas finales
           </b>
</td>
</tr>
<tr>
<td colspan=""5"" rowspan=""1"" style=""height:10px;text-align:center"">
<b>
<a class=""externalLink glosarioLink use-ajax"" data-dialog-type=""modal"" href=""/taxonomy/term/239/definition"" id=""version-274"">
             Material
            </a>
</b>
</td>
<td colspan=""4"" rowspan=""1"" style=""text-align:center"">
<b>
            Poli(cluroro de vinilo) rígido
           </b>
</td>
</tr>
<tr>
<td colspan=""2"" rowspan=""1"" style=""height:10px;text-align:center"">
<b>
            Diámetro
            <a class=""externalLink glosarioLink use-ajax"" data-dialog-type=""modal"" href=""/taxonomy/term/259/definition"" id=""version-298"">
             nominal
            </a>
</b>
</td>
<td colspan=""3"" rowspan=""1"" style=""text-align:center"">
<b>
            Diámetro de entrada A, en mm
           </b>
</td>
<td colspan=""3"" rowspan=""1"" style=""text-align:center"">
<b>
            Diámetro de fondo B, en mm
           </b>
</td>
<td colspan=""1"" rowspan=""1"" style=""text-align:center"">
<b>
            Longitud mínima de la campana
           </b>
</td>
</tr>
<tr>
<td colspan=""1"" rowspan=""1"" style=""height:10px;text-align:center"">
<b>
            Pulgadas
           </b>
</td>
<td colspan=""1"" rowspan=""1"" style=""text-align:center"">
<b>
            mm
           </b>
</td>
<td colspan=""1"" rowspan=""1"" style=""text-align:center"">
<b>
            Promedio
           </b>
</td>
<td colspan=""1"" rowspan=""1"" style=""text-align:center"">
<b>
            Tolerancia
           </b>
</td>
<td colspan=""1"" rowspan=""1"" style=""text-align:center"">
<b>
            Ovalamiento máximo
           </b>
</td>
<td colspan=""1"" rowspan=""1"" style=""text-align:center"">
<b>
            Promedio
           </b>
</td>
<td colspan=""1"" rowspan=""1"" style=""text-align:center"">
<b>
            Tolerancia
           </b>
</td>
<td colspan=""1"" rowspan=""1"" style=""text-align:center"">
<b>
            Ovalamiento máximo
           </b>
</td>
<td colspan=""1"" rowspan=""1"" style=""text-align:center"">
<b>
            mm
           </b>
</td>
</tr>
<tr>
<td colspan=""1"" rowspan=""1"" style=""height:10px;text-align:center"">
           1/2
          </td>
<td colspan=""1"" rowspan=""1"" style=""text-align:center"">
           21
          </td>
<td colspan=""1"" rowspan=""1"" style=""text-align:center"">
           21,54
          </td>
<td colspan=""1"" rowspan=""1"" style=""text-align:center"">
           ± 0,10
          </td>
<td colspan=""1"" rowspan=""1"" style=""text-align:center"">
           0,61
          </td>
<td colspan=""1"" rowspan=""1"" style=""text-align:center"">
           21,23
          </td>
<td colspan=""1"" rowspan=""1"" style=""text-align:center"">
           ± 0,10
          </td>
<td colspan=""1"" rowspan=""1"" style=""text-align:center"">
           0,61
          </td>
<td colspan=""1"" rowspan=""1"" style=""text-align:center"">
           25,40
          </td>
</tr>
<tr>
<td colspan=""1"" rowspan=""1"" style=""height:10px;text-align:center"">
           3/4
          </td>
<td colspan=""1"" rowspan=""1"" style=""text-align:center"">
           26
          </td>
<td colspan=""1"" rowspan=""1"" style=""text-align:center"">
           26,87
          </td>
<td colspan=""1"" rowspan=""1"" style=""text-align:center"">
           ± 0,10
          </td>
<td colspan=""1"" rowspan=""1"" style=""text-align:center"">
           0,71
          </td>
<td colspan=""1"" rowspan=""1"" style=""text-align:center"">
           26,57
          </td>
<td colspan=""1"" rowspan=""1"" style=""text-align:center"">
           ± 0,10
          </td>
<td colspan=""1"" rowspan=""1"" style=""text-align:center"">
           0,71
          </td>
<td colspan=""1"" rowspan=""1"" style=""text-align:center"">
           25,40
          </td>
</tr>
<tr>
<td colspan=""1"" rowspan=""1"" style=""height:10px;text-align:center"">
           1
          </td>
<td colspan=""1"" rowspan=""1"" style=""text-align:center"">
           33
          </td>
<td colspan=""1"" rowspan=""1"" style=""text-align:center"">
           33,65
          </td>
<td colspan=""1"" rowspan=""1"" style=""text-align:center"">
           ± 0,13
          </td>
<td colspan=""1"" rowspan=""1"" style=""text-align:center"">
           0,76
          </td>
<td colspan=""1"" rowspan=""1"" style=""text-align:center"">
           33,27
          </td>
<td colspan=""1"" rowspan=""1"" style=""text-align:center"">
           ± 0,13
          </td>
<td colspan=""1"" rowspan=""1"" style=""text-align:center"">
           0,76
          </td>
<td colspan=""1"" rowspan=""1"" style=""text-align:center"">
           25,40
          </td>
</tr>
</table>
<br/>
</div>
<b>
        Tabla No. 3
       </b>
<br/>
<b>
        Dimensiones del cuerpo de las curvas
       </b>
<br/>
<div style=""width:402px;"">
<table>
<tr>
<td colspan=""2"" rowspan=""1"" style=""width:158px;height:10px;text-align:center"">
<b>
            Diámetro
            <a class=""externalLink glosarioLink use-ajax"" data-dialog-type=""modal"" href=""/taxonomy/term/259/definition"" id=""version-298"">
             nominal
            </a>
</b>
</td>
<td colspan=""1"" rowspan=""1"" style=""width:122px;text-align:center"">
<b>
            Mínimo radio R de la curva a la línea central
           </b>
</td>
<td colspan=""1"" rowspan=""1"" style=""width:122px;text-align:center"">
<b>
            Mínima longitud Ls del extremo recto de la curva
           </b>
</td>
</tr>
<tr>
<td colspan=""1"" rowspan=""1"" style=""height:10px;"">
<b>
            Pulgadas
           </b>
</td>
<td colspan=""1"" rowspan=""1"" style=""text-align:center"">
<b>
            mm
           </b>
</td>
<td colspan=""1"" rowspan=""1"" style=""text-align:center"">
<b>
            mm
           </b>
</td>
<td colspan=""1"" rowspan=""1"" style=""text-align:center"">
<b>
            mm
           </b>
</td>
</tr>
<tr>
<td colspan=""1"" rowspan=""1"" style=""height:10px;text-align:center"">
           1/2
          </td>
<td colspan=""1"" rowspan=""1"" style=""text-align:center"">
           21
          </td>
<td colspan=""1"" rowspan=""1"" style=""text-align:center"">
           100
          </td>
<td colspan=""1"" rowspan=""1"" style=""text-align:center"">
           38
          </td>
</tr>
<tr>
<td colspan=""1"" rowspan=""1"" style=""height:10px;text-align:center"">
           3/4
          </td>
<td colspan=""1"" rowspan=""1"" style=""text-align:center"">
           26
          </td>
<td colspan=""1"" rowspan=""1"" style=""text-align:center"">
           114
          </td>
<td colspan=""1"" rowspan=""1"" style=""text-align:center"">
           38
          </td>
</tr>
<tr>
<td colspan=""1"" rowspan=""1"" style=""height:10px;text-align:center"">
           1
          </td>
<td colspan=""1"" rowspan=""1"" style=""text-align:center"">
           33
          </td>
<td colspan=""1"" rowspan=""1"" style=""text-align:center"">
           146
          </td>
<td colspan=""1"" rowspan=""1"" style=""text-align:center"">
           48
          </td>
</tr>
</table>
<br/>
</div>
<div class=""contenedor_imagen_articulos"">
<div class=""box_imagen_articulos"">
<div class=""imagen_articulos"">
<a href=""../../archivo/570_570.html"">
<img src=""/sites/default/files/media/content/mediafile/570/Dibujo ET 601 FIG 1.JPG"" title=""""/>
</a>
</div>
<div class=""texto_imagen_articulos"" style=""max-width:nonepx"">
</div>
</div>
<div style=""width:100%;overflow:hidden"">
</div>
</div>
<br/>
<div class=""contenedor_imagen_articulos"">
<div class=""box_imagen_articulos"">
<div class=""imagen_articulos"">
<a href=""../../archivo/571_571.html"">
<img src=""/sites/default/files/media/content/mediafile/571/Dibujo ET 601 FIG 2.JPG"" title=""""/>
</a>
</div>
<div class=""texto_imagen_articulos"" style=""max-width:nonepx"">
</div>
</div>
<div style=""width:100%;overflow:hidden"">
</div>
</div>
<h2 id=""heading_6"">
        3.	CARACTERÍSTICAS DE FABRICACIÓN
       </h2>
       Los ductos deben ser aptos para utilización en las condiciones de servicio estipuladas en el numeral 1.1. de la presente especificación, y deberán cumplir con las características que se especifican a continuación:
       <br/>
<h3 id=""heading_7"">
        3.1	 Requisitos generales
       </h3>
       Los extremos del ducto, aunque sean biselados, deberán tener un corte normal (perpendicular) a su eje.
       <br/>
<br/>
       El
       <a class=""externalLink glosarioLink use-ajax"" data-dialog-type=""modal"" href=""/taxonomy/term/239/definition"" id=""version-274"">
        material
       </a>
       de los ductos deberá ser homogéneo a través de la pared, y uniforme en color, opacidad y densidad.
       <br/>
<br/>
       Las superficies interna y externa de los ductos deberán ser uniformes a lo largo del ducto y a simple vista estar exentas de grietas, fisuras, perforaciones o incrustaciones de
       <a class=""externalLink glosarioLink use-ajax"" data-dialog-type=""modal"" href=""/taxonomy/term/239/definition"" id=""version-274"">
        material
       </a>
       extraño.
       <br/>
<br/>
       Los ductos y las curvas deberán fabricarse únicamente de compuestos de poli(cloruro de vinilo) (PVC) con celdas de clasificación iguales o superiores a la celda 12123, de acuerdo con las especificaciones indicadas en la norma ICONTEC NTC 369.
       <br/>
<br/>
       Podrá utilizarse
       <a class=""externalLink glosarioLink use-ajax"" data-dialog-type=""modal"" href=""/taxonomy/term/239/definition"" id=""version-274"">
        material
       </a>
       reprocesado limpio, proveniente de la elaboración de ductos de la misma fábrica, siempre y cuando la ductería producida cumpla con los requisitos establecidos para los ductos fabricados con
       <a class=""externalLink glosarioLink use-ajax"" data-dialog-type=""modal"" href=""/taxonomy/term/239/definition"" id=""version-274"">
        material
       </a>
       virgen.
       <br/>
<br/>
       Los ductos podrán conectarse entre sí por medio de accesorios del mismo
       <a class=""externalLink glosarioLink use-ajax"" data-dialog-type=""modal"" href=""/taxonomy/term/239/definition"" id=""version-274"">
        material
       </a>
       , o de otro que sea adecuado, o por medio de uniones mecánicas.
       <br/>
<br/>
       Las curvas deberán fabricarse a partir de ductos que cumplan con los requisitos indicados en enta especificación.
       <br/>
<br/>
       Los ductos y las curvas no deberán ser roscados, ni existir ninguna conicidad en el ducto o en la curva, a menos que un extremo sea formado como un adaptador terminal. En este caso, solamente la superficie interior del adapatador podrá ser cónica.
       <br/>
<h3 id=""heading_8"">
        3.2	 Requisitos específicos
       </h3>
       La longitud mínima será la acordada entre el fabricante y Enel Colombia S.A. ESP, con una tolerancia de +0,5% y -0,2%, cuando se determine según lo indicado en la norma ICONTEC NTC 3358. En el caso de que existan campanas formadas, estas se incluirán en la longitud total.
       <br/>
<br/>
       Las dimensiones (y tolerancias) de los ductos, de las campanas, así como el espesor de pared, deberán cumplir con los requisitos establecidos en las tablas No. 1 y No.2, cuando se determinen de acuerdo con la norma ICONTEC NTC 3358.
       <br/>
<br/>
       La desviación máxima del diámetro exterior promedio no deberá exceder los valores establecidos para ovalamiento en la tabla No. 1, cuando se mida de acuerdo con lo indicado en la norma ICONTEC NTC 3358.
       <br/>
<br/>
       El ducto que se corte para fabricar la curva deberá cumplir con las dimensiones indicadas en la tabla No. 3, cuando se determinen de acuerdo con la norma ICONTEC NTC 979 y en el caso de tener una campana formada en uno de sus extremos, ésta deberá cumplir con los requisitos de la presente especificación.
       <br/>
<br/>
       La longitud del ducto deberá ser de tres metros.
       <br/>
<br/>
       La longitud axial de la curva no deberá ser mayor a tres metros.
       <br/>
<br/>
       Los ductos deberán cumplir con los requisitos de carga aplicada indicados en la tabla No. 4, cuando sean sometidos al
       <a class=""externalLink glosarioLink use-ajax"" data-dialog-type=""modal"" href=""/taxonomy/term/155/definition"" id=""version-188"">
        ensayo
       </a>
       de resistencia al aplatamiento, de acuerdo con las normas ICONTEC NTC 3254 e ICONTEC NTC 979.
       <br/>
<br/>
       Los ductos no deberán presentar evidencias de escamado o desprendimiento de las paredes en la superificie interior ni exterior, cuando sean sometidos al
       <a class=""externalLink glosarioLink use-ajax"" data-dialog-type=""modal"" href=""/taxonomy/term/155/definition"" id=""version-188"">
        ensayo
       </a>
       de
       <a class=""externalLink glosarioLink use-ajax"" data-dialog-type=""modal"" href=""/taxonomy/term/79/definition"" id=""version-112"">
        calidad
       </a>
       de extrusión, de acuerdo con la norma ICONTEC NTC 2983.
       <br/>
<br/>
       Los ductos no deberán presentar un incremento de masa mayor al 0,30 %, cuando sean sometidos al
       <a class=""externalLink glosarioLink use-ajax"" data-dialog-type=""modal"" href=""/taxonomy/term/155/definition"" id=""version-188"">
        ensayo
       </a>
       de absorción de agua, de acuerdo con la norma ICONTEC NTC 979.
       <br/>
<br/>
       Los ductos deberán cumplir con los requisitos de inflamabilidad, de acuerdo con la norma ICONTEC NTC 979.
       <br/>
<br/>
       La resistencia al impacto de los ductos no deberá ser menor que los valores establecidos en la tabla No. 5, cuando sean sometidos a
       <a class=""externalLink glosarioLink use-ajax"" data-dialog-type=""modal"" href=""/taxonomy/term/155/definition"" id=""version-188"">
        ensayo
       </a>
       , de acuerdo con la norma ICONTEC NTC 1125.
       <br/>
<br/>
       Los ductos deberán cumplir con los requisitos de resistencia a la tensión, de acuerdo con las normas ICONTEC NTC 979 e ICONTEC NTC 595.
       <br/>
<br/>
<b>
        Tabla No. 4
       </b>
<br/>
<b>
        Resistencia al aplastamiento
       </b>
<br/>
<div style=""width:287px;"">
<table>
<tr>
<td colspan=""2"" rowspan=""1"" style=""width:150px;height:10px;text-align:center"">
<b>
            Diámetro
            <a class=""externalLink glosarioLink use-ajax"" data-dialog-type=""modal"" href=""/taxonomy/term/259/definition"" id=""version-298"">
             nominal
            </a>
</b>
</td>
<td colspan=""1"" rowspan=""1"" style=""width:137px;text-align:center"">
<b>
            Carga para especímenes de 150 mm
           </b>
</td>
</tr>
<tr>
<td colspan=""1"" rowspan=""1"" style=""height:10px;text-align:center"">
<b>
            Pulgadas
           </b>
</td>
<td colspan=""1"" rowspan=""1"" style=""text-align:center"">
<b>
            mm
           </b>
</td>
<td colspan=""1"" rowspan=""1"" style=""text-align:center"">
<b>
            mm
           </b>
</td>
</tr>
<tr>
<td colspan=""1"" rowspan=""1"" style=""height:10px;text-align:center"">
           1/2
          </td>
<td colspan=""1"" rowspan=""1"" style=""text-align:center"">
           21
          </td>
<td colspan=""1"" rowspan=""1"" style=""text-align:center"">
           1,34
          </td>
</tr>
<tr>
<td colspan=""1"" rowspan=""1"" style=""height:10px;text-align:center"">
           3/4
          </td>
<td colspan=""1"" rowspan=""1"" style=""text-align:center"">
           26
          </td>
<td colspan=""1"" rowspan=""1"" style=""text-align:center"">
           1,34
          </td>
</tr>
<tr>
<td colspan=""1"" rowspan=""1"" style=""height:10px;text-align:center"">
           1
          </td>
<td colspan=""1"" rowspan=""1"" style=""text-align:center"">
           33
          </td>
<td colspan=""1"" rowspan=""1"" style=""text-align:center"">
           1,34
          </td>
</tr>
</table>
<br/>
</div>
<b>
        Tabla No. 5
       </b>
<br/>
<b>
        Resistencia al impacto
       </b>
<br/>
<div style=""width:287px;"">
<table>
<tr>
<td colspan=""2"" rowspan=""1"" style=""width:150px;height:10px;text-align:center"">
<b>
            Diámetro
            <a class=""externalLink glosarioLink use-ajax"" data-dialog-type=""modal"" href=""/taxonomy/term/259/definition"" id=""version-298"">
             nominal
            </a>
</b>
</td>
<td colspan=""1"" rowspan=""1"" style=""width:137px;text-align:center"">
<b>
            Resistencia al impacto
           </b>
</td>
</tr>
<tr>
<td colspan=""1"" rowspan=""1"" style=""height:10px;text-align:center"">
<b>
            Pulgadas
           </b>
</td>
<td colspan=""1"" rowspan=""1"" style=""text-align:center"">
<b>
            mm
           </b>
</td>
<td colspan=""1"" rowspan=""1"" style=""text-align:center"">
<b>
            J
           </b>
</td>
</tr>
<tr>
<td colspan=""1"" rowspan=""1"" style=""height:10px;text-align:center"">
           1/2
          </td>
<td colspan=""1"" rowspan=""1"" style=""text-align:center"">
           21
          </td>
<td colspan=""1"" rowspan=""1"" style=""text-align:center"">
           40,80
          </td>
</tr>
<tr>
<td colspan=""1"" rowspan=""1"" style=""height:10px;text-align:center"">
           3/4
          </td>
<td colspan=""1"" rowspan=""1"" style=""text-align:center"">
           26
          </td>
<td colspan=""1"" rowspan=""1"" style=""text-align:center"">
           54,20
          </td>
</tr>
<tr>
<td colspan=""1"" rowspan=""1"" style=""height:10px;text-align:center"">
           1
          </td>
<td colspan=""1"" rowspan=""1"" style=""text-align:center"">
           33
          </td>
<td colspan=""1"" rowspan=""1"" style=""text-align:center"">
           108,50
          </td>
</tr>
</table>
<br/>
</div>
<h2 id=""heading_9"">
        4.	ENSAYOS
       </h2>
       Las pruebas y recepción de los ductos serán efectuadas por representantes de Enel Colombia S.A. E.S.P. Distribuidora de Energía de Bogotá, realizándose las pruebas en las instalaciones del fabricante quien deberá asumir su costo y proporcionar el
       <a class=""externalLink glosarioLink use-ajax"" data-dialog-type=""modal"" href=""/taxonomy/term/239/definition"" id=""version-274"">
        material
       </a>
       , los equipos y el personal necesario para tal fin.
       <br/>
<br/>
       Las pruebas podrán ser repetidas en laboratorios oficiales o particulares reconocidos por Enel Colombia S.A. E.S.P. Distribuidora de Energía de Bogotá, la que a su vez se reservará el derecho de realizar una
       <a class=""externalLink glosarioLink use-ajax"" data-dialog-type=""modal"" href=""/taxonomy/term/200/definition"" id=""version-235"">
        inspección
       </a>
       previamente durante el proceso de fabricación, para lo cual el fabricante deberá suministrar los medios necesarios para facilitar la misma.
       <br/>
<br/>
       Los ensayos deberán realizarse en las condiciones de
       <a class=""externalLink glosarioLink use-ajax"" data-dialog-type=""modal"" href=""/taxonomy/term/155/definition"" id=""version-188"">
        ensayo
       </a>
       y de acondicionamiento de muestras descritas en la norma ICONTEC NTC 979.
       <br/>
<br/>
       Los ensayos incluyen:
       <br/>
       - Determinación de las dimensiones, de acuerdo con la norma ICONTEC NTC 979.
       <br/>
       - Resistencia al aplastamiento, de acuerdo con la norma ICONTEC NTC 3254.
       <br/>
       -
       <a class=""externalLink glosarioLink use-ajax"" data-dialog-type=""modal"" href=""/taxonomy/term/79/definition"" id=""version-112"">
        Calidad
       </a>
       de extrusión, de acuerdo con la norma ICONTEC NTC 2983.
       <br/>
       - Absorción de agua, de acuerdo con la norma ICONTEC NTC 979.
       <br/>
       - Inflamabilidad, de acuerdo con la norma ICONTEC NTC 979.
       <br/>
       - Resistencia al impacto, de acuerdo con la norma ICONTEC NTC 1125.
       <br/>
       - Resistencia a la tensión, de acuerdo con la norma ICONTEC NTC 595.
       <br/>
<br/>
       Para la selección del plan de muestreo se utilizará la norma ICONTEC NTC-ISO 2859, partes 1,2 y 3 o la norma ICONTEC NTC-ISO 3951. Se recomienda el plan de muestreo de la tabla No. 6, para un NAC=4%, nivel de
       <a class=""externalLink glosarioLink use-ajax"" data-dialog-type=""modal"" href=""/taxonomy/term/200/definition"" id=""version-235"">
        inspección
       </a>
       S3.
       <br/>
<br/>
<b>
        Tabla No. 6
       </b>
<br/>
<b>
        Tamaño de la
        <a class=""externalLink glosarioLink use-ajax"" data-dialog-type=""modal"" href=""/taxonomy/term/253/definition"" id=""version-288"">
         muestra
        </a>
        y criterio de aceptación
       </b>
<br/>
<div style=""width:349px;"">
<table>
<tr>
<td colspan=""1"" rowspan=""2"" style=""width:75px;height:10px;text-align:center"">
<b>
            Tamaño del
            <a class=""externalLink glosarioLink use-ajax"" data-dialog-type=""modal"" href=""/taxonomy/term/229/definition"" id=""version-264"">
             lote
            </a>
</b>
</td>
<td colspan=""1"" rowspan=""2"" style=""width:76px;text-align:center"">
<b>
            Tamaño de la
            <a class=""externalLink glosarioLink use-ajax"" data-dialog-type=""modal"" href=""/taxonomy/term/253/definition"" id=""version-288"">
             muestra
            </a>
</b>
</td>
<td colspan=""2"" rowspan=""1"" style=""width:198px;text-align:center"">
<b>
            Número de no conformes
           </b>
</td>
</tr>
<tr>
<td colspan=""1"" rowspan=""1"" style=""height:10px;text-align:center"">
<b>
            Aceptación
           </b>
</td>
<td colspan=""1"" rowspan=""1"" style=""text-align:center"">
<b>
            Rechazo
           </b>
</td>
</tr>
<tr>
<td colspan=""1"" rowspan=""1"" style=""height:10px;text-align:center"">
           0 - 150
          </td>
<td colspan=""1"" rowspan=""1"" style=""text-align:center"">
           3
          </td>
<td colspan=""1"" rowspan=""1"" style=""text-align:center"">
           0
          </td>
<td colspan=""1"" rowspan=""1"" style=""text-align:center"">
           1
          </td>
</tr>
<tr>
<td colspan=""1"" rowspan=""1"" style=""height:10px;text-align:center"">
           151 - 3200
          </td>
<td colspan=""1"" rowspan=""1"" style=""text-align:center"">
           13
          </td>
<td colspan=""1"" rowspan=""1"" style=""text-align:center"">
           1
          </td>
<td colspan=""1"" rowspan=""1"" style=""text-align:center"">
           2
          </td>
</tr>
<tr>
<td colspan=""1"" rowspan=""1"" style=""height:10px;text-align:center"">
           3201 o más
          </td>
<td colspan=""1"" rowspan=""1"" style=""text-align:center"">
           20
          </td>
<td colspan=""1"" rowspan=""1"" style=""text-align:center"">
           2
          </td>
<td colspan=""1"" rowspan=""1"" style=""text-align:center"">
           3
          </td>
</tr>
</table>
<br/>
</div>
<br/>
<br/>
</div>
<div class=""streamgrouped"" id=""streamgrouped"">

</div>
</div>

</div>",CAJAS INSPECCION DUCTOS ACCESORIOS
